Close,Predictions,Actual_Pct_Change,Buy_Sell,Strategy_Pct_Change,Cumulative_Strategy_Gain,Cumulative_Hold_Gain
3700.64990234375,3737.6284,,True,,,
3726.860107421875,3738.1294,0.7082595157549276,True,0.7082595157549276,0.007082595157549276,0.007082595157549276
3748.139892578125,3738.7166,0.5709842747752214,False,0.5709842747752214,0.012832878409896997,0.012832878409896997
3803.7900390625,3742.2766,1.4847403800101189,False,0.0,0.012832878409896997,0.02787081713766759
3824.679931640625,3755.3762,0.5491862685268911,False,0.0,0.012832878409896997,0.0335157425235828
3799.610107421875,3774.1125,-0.6554750898592476,False,-0.0,0.012832878409896997,0.026741304281566958
3801.18994140625,3788.7603,0.04157884466327033,False,0.0,0.012832878409896997,0.027168211453567848
3809.840087890625,3799.6582,0.22756417379066196,False,0.0,0.012832878409896997,0.029505678307402583
3795.5400390625,3808.2996,-0.37534511943366766,True,-0.0,0.012832878409896997,0.025641478989583355
3768.25,3812.0369,-0.7190027975370938,True,-0.7190027975370938,0.005550581679754307,0.018267088062947412
3798.909912109375,3808.462,0.8136379515524483,True,0.8136379515524483,0.013732122834357208,0.026552095539595477
3851.85009765625,3806.8027,1.3935625421946263,False,1.3935625421946263,0.027859113976371308,0.040857741019149296
3853.070068359375,3814.3704,0.03167233075522802,False,0.0,0.027859113976371308,0.041187404925576265
3841.469970703125,3825.1064,-0.30106116552376383,False,-0.0,0.027859113976371308,0.03805279398902073
3855.360107421875,3834.0425,0.36158389430824833,False,0.0,0.027859113976371308,0.04180622570650172
3849.6201171875,3843.0989,-0.14888337468982327,True,-0.0,0.027859113976371308,0.04025514943994124
3750.77001953125,3849.7769,-2.5677883699462,True,-2.5677883699462,0.001465867188253922,0.013543598694855996
3787.3798828125,3838.5369,0.9760625975629766,True,0.9760625975629766,0.011240800945238272,0.023436418671710202
3714.239990234375,3826.8357,-1.9311475173124593,True,-1.9311475173124593,-0.008287750676266303,0.003672351681260011
3773.860107421875,3804.5493,1.6051767614439383,True,1.6051767614439383,0.007630983890271281,0.01978306703148558
3826.31005859375,3790.5408,1.3898223484416938,False,1.3898223484416938,0.02163526449420128,0.033956240002713356
3830.169921875,3790.5027,0.10087690809532646,False,0.0,0.02163526449420128,0.03499926308868684
3871.739990234375,3797.7659,1.0853322230420792,False,0.0,0.02163526449420128,0.046232443599236506
3886.830078125,3814.4402,0.3897495164625342,False,0.0,0.02163526449420128,0.05031012948923874
3915.590087890625,3835.5166,0.7399348360373592,False,0.0,0.02163526449420128,0.058081740023758766
3911.22998046875,3860.2244,-0.11135249921484514,False,-0.0,0.02163526449420128,0.05690353956250638
3909.8798828125,3882.0833,-0.03451849323593548,False,-0.0,0.02163526449420128,0.05653871238569219
3916.3798828125,3899.0017,0.16624551635393559,False,0.0,0.02163526449420128,0.05829516062357709
3934.830078125,3911.801,0.47110331133788375,False,0.0,0.02163526449420128,0.06328082416900327
3932.590087890625,3923.3086,-0.056927241835114106,False,-0.0,0.02163526449420128,0.06267552772284213
3931.330078125,3931.6804,-0.03204020092266724,True,-0.0,0.02163526449420128,0.06233504434860371
3913.969970703125,3936.8762,-0.4415835627354592,True,-0.4415835627354592,0.01712389109508594,0.05764394741158174
3906.7099609375,3936.7605,-0.18548966445751658,True,-0.18548966445751658,0.015237231402376539,0.055682127202372866
3876.5,3932.8962,-0.773283945815384,True,-0.773283945815384,0.007386564880001334,0.04751870679387449
3881.3701171875,3922.8591,0.12563181187927874,True,0.12563181187927874,0.008652162874088543,0.04883472352499396
3925.429931640625,3912.3093,1.135161376597904,False,1.135161376597904,0.020101992651254674,0.0607406902107972
3829.340087890625,3910.085,-2.447880752512621,True,-0.0,0.020101992651254674,0.034775023021057505
3811.14990234375,3896.5522,-0.47502141699028444,True,-0.47502141699028444,0.015256289711016446,0.029859620044041302
3901.820068359375,3877.6975,2.3790763506800205,False,2.3790763506800205,0.039410011998322725,0.05436076670971213
3870.2900390625,3873.734,-0.8080851690870694,True,-0.0,0.039410011998322725,0.04584063372525815
3819.719970703125,3871.926,-1.306622187199813,True,-1.306622187199813,0.025828850165576345,0.03217544796225269
3768.469970703125,3863.9973,-1.3417213930100202,True,-1.3417213930100202,0.012065085027236133,0.018326529163546157
3841.93994140625,3846.7378,1.949596819778221,False,1.949596819778221,0.03179627373901295,0.038179790791076584
3821.35009765625,3839.7107,-0.5359231030161227,True,-0.0,0.03179627373901295,0.0326159454413828
3875.43994140625,3834.8765,1.415464230382213,False,1.415464230382213,0.04640098092420519,0.04723225478632864
3898.81005859375,3840.89,0.6030313342701321,False,0.0,0.04640098092420519,0.053547393425273926
3939.340087890625,3854.7568,1.0395487004435822,False,0.0,0.04640098092420519,0.0644995316621837
3943.340087890625,3876.8926,0.10153984958789497,False,0.0,0.04640098092420519,0.06558042288549726
3968.93994140625,3900.1685,0.6491921301497117,False,0.0,0.04640098092420519,0.07249808713128592
3962.7099609375,3924.6003,-0.15696837343783798,False,-0.0,0.04640098092420519,0.07081460432876407
3974.1201171875,3944.5474,0.287938213053085,False,0.0,0.04640098092420519,0.07389788876557968
3915.4599609375,3960.967,-1.4760539319459198,True,-0.0,0.04640098092420519,0.058046576753371104
3913.10009765625,3963.2993,-0.060270397470363335,True,-0.060270397470363335,0.04577031089386829,0.05740888787614029
3940.590087890625,3958.241,0.7025118077311765,True,0.7025118077311765,0.05311697080964484,0.06483731016946903
3910.52001953125,3954.4092,-0.7630854183940605,True,-0.7630854183940605,0.04508078876676325,0.05671169192594627
3889.139892578125,3946.4255,-0.546733601831495,True,-0.546733601831495,0.03936698092828972,0.05093429403170502
3909.52001953125,3934.39,0.5240265846959469,True,0.5240265846959469,0.04481354022090556,0.056441469120117826
3974.5400390625,3925.5996,1.6631202604519668,False,1.6631202604519668,0.062190045892264845,0.074011361232871
3971.090087890625,3929.9785,-0.08680126852336212,False,-0.0,0.062190045892264845,0.07307910574723575
3958.550048828125,3939.1274,-0.31578329337678124,False,-0.0,0.062190045892264845,0.06969050120656894
3972.889892578125,3947.4822,0.36224990395776757,False,0.0,0.062190045892264845,0.07356545401983516
4019.8701171875,3956.7285,1.1825201774944727,False,0.0,0.062190045892264845,0.08626058213222976
4077.909912109375,3972.4814,1.4438226417743616,False,0.0,0.062190045892264845,0.10194425836572485
4073.93994140625,3998.0115,-0.09735307519511682,False,-0.0,0.062190045892264845,0.10087148174326988
4079.949951171875,4023.324,0.1475232784985625,False,0.0,0.062190045892264845,0.10249552344519319
4097.169921875,4045.709,0.42206328286402695,False,0.0,0.062190045892264845,0.10714875224487486
4128.7998046875,4065.8396,0.7719934348738189,False,0.0,0.062190045892264845,0.11569586792649278
4127.990234375,4086.5593,-0.019607884876882142,False,-0.0,0.062190045892264845,0.11547710356513363
4141.58984375,4103.72,0.32944868090414303,False,0.0,0.062190045892264845,0.1191520281686167
4124.66015625,4118.5317,-0.40877267278285334,True,-0.0,0.062190045892264845,0.11457724051056828
4170.419921875,4126.7666,1.109419052516647,False,1.109419052516647,0.07397418463532901,0.12694257277180676
4185.47021484375,4137.9697,0.36088195555097347,False,0.0,0.07397418463532901,0.131009505166362
4163.259765625,4150.6816,-0.5306560094486046,False,-0.0,0.07397418463532901,0.12500773525976183
4134.93994140625,4158.285,-0.6802319771775922,True,-0.0,0.07397418463532901,0.11735507289880354
4173.419921875,4157.727,0.9306055472153574,False,0.9306055472153574,0.08396864797320625,0.1277532411892921
4134.97998046875,4159.7466,-0.9210657476561801,True,-0.0,0.08396864797320625,0.11736589236661521
4180.169921875,4155.8906,1.0928696540176919,False,1.0928696540176919,0.09581501238597134,0.1295772451286339
4187.6201171875,4157.599,0.1782270924804541,False,0.0,0.09581501238597134,0.13159045780994738
4186.72021484375,4162.51,-0.021489588801437698,False,-0.0,0.09581501238597134,0.13134728367364779
4183.18017578125,4168.14,-0.08455399168898481,False,-0.0,0.09581501238597134,0.13039068438543677
4211.47021484375,4172.807,0.6762806734045723,False,0.0,0.09581501238597134,0.13803529811790116
4181.169921875,4181.0527,-0.7194706699326425,True,-0.0,0.09581501238597134,0.12984746793446234
4192.66015625,4184.557,0.2748090747253684,False,0.2748090747253684,0.09882641148221083,0.13295239130690106
4164.66015625,4187.4976,-0.6678337608227225,True,-0.0,0.09882641148221083,0.12538615274370524
4167.58984375,4184.9795,0.07034637617677753,True,0.07034637617677753,0.09959939604316181,0.12617782112015563
4201.6201171875,4180.9854,0.8165456466051824,False,0.8165456466051824,0.10857812704164904,0.1353735770915454
4232.60009765625,4182.4253,0.7373341616968343,False,0.0,0.10857812704164904,0.14374507433832062
4188.43017578125,4191.071,-1.0435647322188157,True,-0.0,0.10857812704164904,0.13180935411603611
4152.10009765625,4194.4453,-0.867391280271812,True,-0.867391280271812,0.09896241703268926,0.12199213846913293
4063.0400390625,4189.351,-2.144940066450274,True,-2.144940066450274,0.07539033183452482,0.09792607954868626
4112.5,4166.6763,1.2173141406923493,True,1.2173141406923493,0.08848121041158485,0.11129128896938156
4173.85009765625,4147.885,1.4917956876899785,False,1.4917956876899785,0.1047191261698206,0.1278694844959012
4163.2900390625,4143.26,-0.25300521932207776,False,-0.0,0.1047191261698206,0.12501591583298555
4127.830078125,4144.0723,-0.8517292959364653,True,-0.0,0.1047191261698206,0.11543382569388805
4115.68017578125,4142.0454,-0.2943411456817757,True,-0.2943411456817757,0.1014674832372866,0.11215064499201866
4159.1201171875,4137.525,1.0554741756143349,False,1.0554741756143349,0.11309318807564539,0.12388910784383778
4155.85986328125,4139.7744,-0.07838806801412357,False,-0.0,0.11309318807564539,0.12300811288557778
4197.0498046875,4144.0615,0.9911292190138532,False,0.0,0.11309318807564539,0.1341385744242829
4188.1298828125,4155.5967,-0.21252837802967495,False,-0.0,0.11309318807564539,0.13172820810745
4195.990234375,4167.0776,0.18768165702687245,False,0.0,0.11309318807564539,0.13385225436146664
4200.8798828125,4178.2104,0.11653145418315525,False,0.0,0.11309318807564539,0.13517354888176247
4204.10986328125,4188.1206,0.07688818911402162,False,0.0,0.11309318807564539,0.13604636326679898
4202.0400390625,4196.279,-0.04923335226864056,False,-0.0,0.11309318807564539,0.13548704955883673
4208.1201171875,4201.8125,0.14469348384307246,False,0.0,0.11309318807564539,0.1371300253294303
4192.85009765625,4206.0806,-0.36287033416374515,True,-0.0,0.11309318807564539,0.13300371780664122
4229.89013671875,4206.339,0.8834095710505974,False,0.8834095710505974,0.12292635983381794,0.1430127810901043
4226.52001953125,4210.7266,-0.07967387044511831,False,-0.0,0.12292635983381794,0.1421020985677275
4227.259765625,4215.3745,0.01750248645058239,False,0.0,0.12292635983381794,0.14230199483278105
4219.5498046875,4219.56,-0.18238673194856947,True,-0.0,0.12292635983381794,0.14021858755542227
4239.18017578125,4221.5444,0.46522430122621916,False,0.46522430122621916,0.12815048614463986,0.14552316151182842
4247.43994140625,4225.4067,0.19484346695590737,False,0.0,0.12815048614463986,0.14775513855450106
4255.14990234375,4230.6787,0.18152018730952513,False,0.0,0.12815048614463986,0.14983854583185985
4246.58984375,4236.9966,-0.20116937805257917,False,-0.0,0.12815048614463986,0.1475254227806011
4223.7001953125,4241.3467,-0.5390124612855707,True,-0.0,0.12815048614463986,0.14134011775539368
4221.85986328125,4240.366,-0.043571559205179966,True,-0.043571559205179966,0.1276589333876459,0.14084281807025345
4166.4501953125,4236.8325,-1.3124468779900589,True,-1.3124468779900589,0.11285900892202383,0.1258698621217167
4224.7900390625,4223.425,1.4002289962720793,False,1.4002289962720793,0.12844158345257606,0.14163461839143343
4246.43994140625,4217.444,0.5124491902218642,False,0.0,0.12844158345257606,0.14748491574867284
4241.83984375,4218.8857,-0.10832833431588806,False,-0.0,0.12844158345257606,0.1462418644529162
4266.490234375,4222.8984,0.5811249724885448,False,0.0,0.12844158345257606,0.15290296217237032
4280.7001953125,4231.8335,0.33305973193167304,False,0.0,0.12844158345257606,0.156742817687614
4290.60986328125,4243.973,0.23149642620619026,False,0.0,0.12844158345257606,0.15942063597095757
4291.7998046875,4257.3726,0.027733619326086867,False,0.0,0.12844158345257606,0.15974218527652595
4297.5,4269.4307,0.1328159646746485,False,0.0,0.12844158345257606,0.16128250804763988
4319.93994140625,4279.8594,0.522162685427574,False,0.0,0.12844158345257606,0.16734629197706208
4352.33984375,4291.43,0.7500081663913916,False,0.0,0.12844158345257606,0.17610148449695706
4343.5400390625,4306.768,-0.20218560598241897,False,-0.0,0.12844158345257606,0.17372357658355875
4358.1298828125,4319.6436,0.3358975310182588,False,0.0,0.12844158345257606,0.17766608509828208
4320.81982421875,4331.748,-0.8561024934316985,True,-0.0,0.12844158345257606,0.16758405637945617
4369.5498046875,4335.068,1.1277947808795874,False,1.1277947808795874,0.14116808873602915,0.18075200842968586
4384.6298828125,4341.9507,0.34511743312370946,False,0.0,0.14116808873602915,0.184826989452735
4369.2099609375,4351.241,-0.3516812658565627,False,-0.0,0.14116808873602915,0.18066017489801744
4374.2998046875,4357.4556,0.11649345752446916,False,0.0,0.14116808873602915,0.18203556675737054
4360.02978515625,4362.1733,-0.32622408541723713,True,-0.0,0.14116808873602915,0.1781794820404099
4327.16015625,4362.893,-0.7538854211077806,True,-0.7538854211077806,0.13256498888471402,0.16929735869082418
4258.490234375,4356.1826,-1.5869512427409305,True,-1.5869512427409305,0.11459173471875927,0.1507411797257432
4323.06005859375,4335.8184,1.5162609437855634,True,1.5162609437855634,0.13149185387496187,0.16818941879798177
4358.68994140625,4323.3955,0.8241819990835397,False,0.8241819990835397,0.14081740605569593,0.17781742570291326
4367.47998046875,4321.863,0.20166699583279435,False,0.0,0.14081740605569593,0.1801926947217234
4411.7900390625,4327.148,1.0145452020822843,False,0.0,0.14081740605569593,0.1921662830813482
4422.2998046875,4342.485,0.23821998626283314,False,0.0,0.14081740605569593,0.19500626143713462
4401.4599609375,4361.8115,-0.47124448070912095,False,-0.0,0.14081740605569593,0.18937486038598372
4400.64013671875,4376.6724,-0.01862618826539153,False,-0.0,0.14081740605569593,0.18915332518530703
4419.14990234375,4387.1895,0.42061529800074826,False,0.0,0.14081740605569593,0.19415508598772102
4395.259765625,4396.9385,-0.540604805147693,True,-0.0,0.14081740605569593,0.1876994262119558
4387.16015625,4400.4517,-0.1842805614891363,True,-0.1842805614891363,0.1387151013342507,0.18551072704052918
4423.14990234375,4399.1914,0.82034265474622,False,0.82034265474622,0.1480564670265323,0.19523597721103458
4402.66015625,4401.7344,-0.4632387901412294,False,-0.0,0.1480564670265323,0.18969918053086943
4429.10009765625,4401.7695,0.6005446813494242,False,0.0,0.1480564670265323,0.19684385568360518
4436.52001953125,4405.2153,0.1675266241764728,False,0.0,0.1480564670265323,0.1988488877916954
4432.35009765625,4410.6646,-0.09399082741974318,False,-0.0,0.1480564670265323,0.19772207980254763
4436.75,4415.4746,0.09926793341701323,False,0.0,0.1480564670265323,0.1989110337592468
4442.41015625,4420.0146,0.12757437876824707,False,0.0,0.1480564670265323,0.20044053706254905
4460.830078125,4424.586,0.4146380281677686,False,0.0,0.1480564670265323,0.20541802003475174
4468.0,4431.4463,0.1607306655808216,False,0.0,0.1480564670265323,0.20735549644138485
4479.7099609375,4439.3115,0.2620850702215849,False,0.0,0.1480564670265323,0.21051979494205741
4448.080078125,4448.3105,-0.706069881494753,True,-0.0,0.1480564670265323,0.2019726792604395
4400.27001953125,4451.0024,-1.0748470745585936,True,-1.0748470745585936,0.1357166156764169,0.18905331108041512
4405.7998046875,4442.5605,0.12566922329095842,True,0.12566922329095842,0.13714386192612382,0.19054758514096526
4441.669921875,4431.4136,0.8141567655737925,False,0.8141567655737925,0.14640199561230238,0.2002405088527659
4479.52978515625,4426.4746,0.8523790364248329,False,0.0,0.14640199561230238,0.21047110733690566
4486.22998046875,4431.2188,0.14957363013194946,False,0.0,0.14640199561230238,0.21228165291384782
4496.18994140625,4440.748,0.2220118224179668,False,0.0,0.14640199561230238,0.2149730615043206
4470.0,4452.8843,-0.5824918819612557,False,-0.0,0.14640199561230238,0.20789594205304174
4509.3701171875,4459.9897,0.8807632480425154,False,0.0,0.14640199561230238,0.21853464558524194
4528.7900390625,4470.4634,0.4306570844779589,False,0.0,0.14640199561230238,0.22378235136327307
4522.68017578125,4483.636,-0.13491160395050494,False,-0.0,0.14640199561230238,0.22213132696418558
4524.08984375,4494.774,0.03116886257619189,False,0.0,0.14640199561230238,0.22251225139798758
4536.9501953125,4503.435,0.2842638410522902,False,0.0,0.14640199561230238,0.22598741168114622
4535.43017578125,4511.5537,-0.03350311257153127,False,-0.0,0.14640199561230238,0.22557666773849783
4520.02978515625,4517.586,-0.3395574405981705,False,-0.0,0.14640199561230238,0.22141513097295662
4514.06982421875,4518.974,-0.1318566739775151,True,-0.0,0.14640199561230238,0.21980461360579762
4493.27978515625,4516.958,-0.4605608657393345,True,-0.4605608657393345,0.14112211665645735,0.21418667091704635
4458.580078125,4510.0674,-0.7722578759925436,True,-0.7722578759925436,0.13230971123588509,0.20481001872163773
4468.72998046875,4496.253,0.22764876184568905,True,0.22764876184568905,0.1348874002737721,0.20755275381185045
4443.0498046875,4483.3164,-0.574663850657553,True,-0.574663850657553,0.12836561263873136,0.200613384658074
4480.7001953125,4468.3936,0.8473996979569742,False,0.8473996979569742,0.13792737943208233,0.21078737885329746
4473.75,4461.5522,-0.15511404489350067,False,-0.0,0.13792737943208233,0.2089092775748982
4432.990234375,4458.225,-0.9110872450405094,True,-0.0,0.13792737943208233,0.19789505934280194
4357.72998046875,4450.655,-1.697731100841482,True,-1.697731100841482,0.11860843240647334,0.1775580223648956
4354.18994140625,4430.352,-0.08123585165593639,True,-0.08123585165593639,0.11769972131971285,0.17660142307668458
4395.64013671875,4407.456,0.9519611195260236,False,0.9519611195260236,0.12833978809972724,0.18780221115616458
4448.97998046875,4393.8193,1.2134715784494876,False,0.0,0.12833978809972724,0.2022158533967393
4455.47998046875,4395.347,0.1461009046688222,False,0.0,0.12833978809972724,0.203972301634624
4443.10986328125,4404.801,-0.27763826213396126,False,-0.0,0.12833978809972724,0.2006296138597914
4352.6298828125,4414.863,-2.0364110556098214,True,-0.0,0.12833978809972724,0.17617985966622518
4359.4599609375,4408.919,0.15691842194003325,True,0.15691842194003325,0.13011036108933483,0.17802550254118987
4307.5400390625,4398.3506,-1.1909714125195148,True,-1.1909714125195148,0.11665106975883988,0.1639955555737349
4357.0400390625,4378.296,1.149147763018199,True,1.149147763018199,0.12948304054769233,0.17737158446224166
4300.4599609375,4365.5005,-1.2985898136748442,True,-1.2985898136748442,0.11481568883595505,0.16208235699731288
4345.72021484375,4348.2026,1.0524514660609219,False,1.0524514660609219,0.12654858289698634,0.1743127098003665
4363.5498046875,4339.687,0.41027928541854664,False,0.0,0.12654858289698634,0.17913067159471452
4399.759765625,4339.264,0.8298280656405366,False,0.0,0.12654858289698634,0.18891542883818313
4391.33984375,4348.8496,-0.19137230947889883,False,-0.0,0.12654858289698634,0.18664017392426446
4361.18994140625,4360.1953,-0.6865763848056816,True,-0.0,0.12654858289698634,0.17849298271748348
4350.64990234375,4365.854,-0.24167805585421087,True,-0.24167805585421087,0.12382596218358777,0.17564482378847357
4363.7998046875,4366.436,0.302251448379387,True,0.302251448379387,0.1272227424315513,0.17919822729617163
4438.259765625,4366.6147,1.7063101945583359,False,1.7063101945583359,0.146456659001041,0.19931900686257742
4471.3701171875,4378.6445,0.7460210377712606,False,0.0,0.146456659001041,0.20826617896376165
4486.4599609375,4399.153,0.337476955709759,False,0.0,0.146456659001041,0.2123437988813992
4519.6298828125,4422.7607,0.7393339551406308,False,0.0,0.146456659001041,0.22130706823957125
4536.18994140625,4449.519,0.36640298040166996,False,0.0,0.146456659001041,0.22578197373745734
4549.77978515625,4475.844,0.2995871849622578,False,0.0,0.146456659001041,0.22945425944635223
4544.89990234375,4499.6865,-0.10725536274130976,False,-0.0,0.146456659001041,0.22813560382064457
4566.47998046875,4517.282,0.4748196569493546,False,0.0,0.146456659001041,0.23396703308157862
4574.7900390625,4532.4097,0.18197952535197182,False,0.0,0.146456659001041,0.23621260043138026
4551.68017578125,4544.7085,-0.5051568068462853,False,-0.0,0.146456659001041,0.22996778833320963
4596.419921875,4549.3813,0.9829281576461124,False,0.0,0.146456659001041,0.24205748805471394
4605.3798828125,4557.156,0.1949334719149265,False,0.0,0.146456659001041,0.24447867383935828
4613.669921875,4565.892,0.18000771431341267,False,0.0,0.146456659001041,0.24671883145525442
4630.64990234375,4574.888,0.36803630854131963,False,0.0,0.146456659001041,0.25130720942043183
4660.56982421875,4585.266,0.6461279195357994,False,0.0,0.146456659001041,0.25939225465966165
4680.06005859375,4599.4453,0.4181942361150437,False,0.0,0.146456659001041,0.2646589604787277
4697.52978515625,4616.1094,0.3732799652949259,False,0.0,0.146456659001041,0.2693796790075018
4701.7001953125,4634.0435,0.08877879113036169,False,0.0,0.146456659001041,0.2705066189413792
4685.25,4650.209,-0.3498775895770745,False,-0.0,0.146456659001041,0.2660614010076099
4646.7099609375,4660.056,-0.8225823395229703,True,-0.0,0.146456659001041,0.25564700351540415
4649.27001953125,4658.863,0.05509400447352153,True,0.05509400447352153,0.14708828788403805,0.25633878973169266
4682.85009765625,4653.2964,0.7222656026415475,False,0.7222656026415475,0.15537331201935434,0.26541289266256785
4682.7998046875,4651.967,-0.0010739820344718431,False,-0.0,0.15537331201935434,0.26539930235543885
4700.89990234375,4652.408,0.3865229864862485,False,0.0,0.15537331201935434,0.2702903615298793
4688.669921875,4656.792,-0.2601625374463401,False,-0.0,0.15537331201935434,0.26698554189238677
4704.5400390625,4660.1934,0.33847802152713324,False,0.0,0.15537331201935434,0.27127400948761893
4697.9599609375,4665.548,-0.1398665559303236,False,-0.0,0.15537331201935434,0.26949592231411135
4682.93994140625,4669.7534,-0.31971365563219223,False,-0.0,0.15537331201935434,0.2654371704927794
4690.7001953125,4670.364,0.1657132912945114,False,0.0,0.15537331201935434,0.26753416807726715
4701.4599609375,4670.6885,0.22938506357221833,False,0.0,0.15537331201935434,0.2704417021345107
4594.6201171875,4672.5522,-2.2724822637582465,True,-0.0,0.15537331201935434,0.24157113978211564
4655.27001953125,4656.718,1.3200199537034996,False,1.3200199537034996,0.17062447027777483,0.25796012656666356
4567.0,4646.5156,-1.896131033450521,True,-0.0,0.17062447027777483,0.23410755421839968
4513.0400390625,4624.8843,-1.1815187417889228,True,-1.1815187417889228,0.15679332276547564,0.21952634217147637
4577.10009765625,4593.3604,1.419443613158311,False,1.419443613158311,0.17321335170291197,0.23683683094621255
4538.43017578125,4573.505,-0.8448563730297565,True,-0.0,0.17321335170291197,0.22638733615598428
4591.669921875,4555.229,1.1730872577451423,False,1.1730872577451423,0.18697616803790362,0.24077392972703016
4686.75,4550.3877,2.0707080374404274,False,0.0,0.18697616803790362,0.2664667352163532
4701.2099609375,4568.467,0.30852853123166657,False,0.0,0.18697616803790362,0.2703741464330538
4667.4501953125,4596.5254,-0.7181080169894716,False,-0.0,0.18697616803790362,0.26125148784175645
4712.02001953125,4619.5645,0.9549073338481762,False,0.0,0.18697616803790362,0.27329527079742655
4668.97021484375,4644.638,-0.9136167611567658,False,-0.0,0.18697616803790362,0.26166223178440484
4634.08984375,4658.7363,-0.7470677577436025,True,-0.0,0.18697616803790362,0.2522367600391151
4709.85009765625,4659.7397,1.6348464630746795,False,1.6348464630746795,0.20638140593861065,0.27270890841993545
4668.669921875,4667.1436,-0.8743415379980468,False,-0.0,0.20638140593861065,0.2615810857758185
4620.64013671875,4668.1475,-1.0287680637092622,True,-0.0,0.20638140593861065,0.2486023424675603
4568.02001953125,4658.145,-1.138805785140995,True,-1.138805785140995,0.1926430646969164,0.23438318675813385
4649.22998046875,4635.913,1.7777934551572505,False,1.7777934551572505,0.21384579504448498,0.25632797026388143
4696.56005859375,4625.4043,1.0180197220578835,False,0.0,0.21384579504448498,0.2691176367748973
4725.7900390625,4629.006,0.6223699921661829,False,0.0,0.21384579504448498,0.27701624411147296
4791.18994140625,4643.3765,1.383893524747526,False,0.0,0.21384579504448498,0.2946887892237058
4786.35009765625,4671.639,-0.10101548486260992,False,-0.0,0.21384579504448498,0.2933809530658096
4793.06005859375,4700.6743,0.14018951394270118,False,0.0,0.21384579504448498,0.2951941375373399
4778.72998046875,4726.782,-0.29897555945093135,False,-0.0,0.21384579504448498,0.2913218236186621
4766.18017578125,4744.671,-0.2626179913657545,False,-0.0,0.21384579504448498,0.2879305801834071
4796.56005859375,4753.539,0.6374052530970564,False,0.0,0.21384579504448498,0.2961399173577395
4793.5400390625,4761.631,-0.0629621957060511,False,-0.0,0.21384579504448498,0.2953238392063484
4700.580078125,4766.8057,-1.9392757790687165,True,-0.0,0.21384579504448498,0.2702039377321166
4696.0498046875,4753.778,-0.09637690162076495,True,-0.09637690162076495,0.21267592807676716,0.26897975453266554
4677.02978515625,4734.3325,-0.4050216740091761,True,-0.4050216740091761,0.20776432773256426,0.2638401114880198
4670.2900390625,4711.449,-0.14410312534549607,True,-0.14410312534549607,0.20602390158949357,0.26201887838799554
4713.06982421875,4689.576,0.9159984668711818,False,0.9159984668711818,0.2170710620381533,0.2735789519656544
4726.35009765625,4679.044,0.2817754443029452,False,0.0,0.2170710620381533,0.27716758471610436
4659.02978515625,4677.558,-1.42436152864307,True,-0.0,0.2170710620381533,0.2589761009831082
4662.85009765625,4669.508,0.08199802697488323,False,0.08199802697488323,0.2180690362959068,0.2600084365459996
4577.10986328125,4661.422,-1.8387945694007368,True,-0.0,0.2180690362959068,0.2368394698408005
4532.759765625,4640.247,-0.9689541868338813,True,-0.9689541868338813,0.20626650537019042,0.22485506201336403
4482.72998046875,4609.928,-1.103737849414832,True,-1.103737849414832,0.19295248538560594,0.21133587309344892
4397.93994140625,4572.215,-1.8914821867908604,True,-1.8914821867908604,0.17038800162765844,0.18842367083167888
4410.1298828125,4523.4526,0.2771738943381896,True,0.2771738943381896,0.17363201163063668,0.19171767100135995
4356.4501953125,4480.301,-1.2171906253646725,True,-1.2171906253646725,0.15934667280878978,0.17721219522911724
4349.93017578125,4437.778,-0.1496635847751837,True,-0.1496635847751837,0.15761155301829222,0.17545033725732662
4326.509765625,4402.2397,-0.538408875771057,True,-0.538408875771057,0.15137886966989056,0.16912160831125234
4431.85009765625,4372.3013,2.4347646888076113,False,2.4347646888076113,0.17941223582300525,0.1975869683996343
4515.5498046875,4367.996,1.8885951732779516,False,0.0,0.17941223582300525,0.22020453808063545
4546.5400390625,4390.066,0.686300355780145,False,0.0,0.17941223582300525,0.22857880616672843
4589.3798828125,4426.473,0.942251544733641,False,0.0,0.17941223582300525,0.24015510894610448
4477.43994140625,4471.552,-2.4391082077444004,True,-0.0,0.17941223582300525,0.20990638389503857
4500.52978515625,4494.675,0.5156929864423399,True,0.5156929864423399,0.18549438200438728,0.21614578625930347
4483.8701171875,4508.5225,-0.37017126347429485,True,-0.37017126347429485,0.18110602247210483,0.21164396403661812
4521.5400390625,4512.0015,0.8401207191663262,False,0.8401207191663262,0.19102873888221428,0.22182323602101794
4587.18017578125,4515.865,1.4517207887505545,False,0.0,0.19102873888221428,0.23956069794011992
4504.080078125,4529.355,-1.811572566845976,True,-0.0,0.19102873888221428,0.21710515638683225
4418.64013671875,4530.267,-1.896945434456343,True,-1.896945434456343,0.16843557359692518,0.1940173356902195
4401.669921875,4511.3813,-0.38405967262932217,True,-0.38405967262932217,0.16394808375808423,0.18943159661963027
4471.06982421875,4483.6704,1.5766721170720421,False,1.5766721170720421,0.18229972865189237,0.20818503295517687
4475.009765625,4467.4067,0.08812077558950637,False,0.0,0.18229972865189237,0.20924969497677326
4380.259765625,4458.8774,-2.1173138152195015,True,-0.0,0.18229972865189237,0.18364608412453043
4348.8701171875,4439.73,-0.71661613961429,True,-0.71661613961429,0.17382717797775693,0.17516388524978144
4304.759765625,4414.5264,-1.0142945264832837,True,-1.0142945264832837,0.16192111316115532,0.16324426228448452
4225.5,4383.3936,-1.8412122845487655,True,-1.8412122845487655,0.1405276788888663,0.14182646602799398
4288.7001953125,4341.7446,1.4956856067329216,True,1.4956856067329216,0.15758638722281204,0.1589046001342418
4384.64990234375,4312.9907,2.237267765560347,False,2.237267765560347,0.18348469432266268,0.18483239918664118
4373.93994140625,4310.2773,-0.24426034406476171,False,-0.0,0.18348469432266268,0.18193832349179706
4306.259765625,4318.3335,-1.5473503680411893,True,-0.0,0.18348469432266268,0.16364959649322697
4386.5400390625,4319.9434,1.8642691757321028,False,1.8642691757321028,0.2055480346784273,0.18534315723418127
4363.490234375,4332.592,-0.5254666430088317,False,-0.0,0.2055480346784273,0.17911457433772782
4328.8701171875,4344.0063,-0.7934042550334475,True,-0.0,0.2055480346784273,0.16975942913321274
4201.08984375,4347.699,-2.951815831344917,True,-2.951815831344917,0.16996247693632194,0.13523028511540858
4170.7001953125,4326.2197,-0.723375351819977,True,-0.723375351819977,0.1614992567526221,0.12701830904648803
4277.8798828125,4292.095,2.569824789143582,False,2.569824789143582,0.19134775257836956,0.1559807049305515
4259.52001953125,4274.752,-0.4291813651667864,True,-0.0,0.19134775257836956,0.151019451160066
4204.31005859375,4263.8877,-1.2961545123475138,True,-1.2961545123475138,0.17590604492557427,0.13610046060585712
4173.10986328125,4249.216,-0.7421002465963666,True,-0.7421002465963666,0.16717964326644008,0.1276694562861187
4262.4501953125,4230.6113,2.140857417087094,False,2.140857417087094,0.1921672952300404,0.15181125148124575
4357.85986328125,4228.0327,2.238376135718223,False,0.0,0.1921672952300404,0.17759311966291946
4411.669921875,4248.4976,1.234781757145198,False,0.0,0.1921672952300404,0.1921338246779143
4463.1201171875,4285.247,1.1662294827948783,False,0.0,0.1921672952300404,0.2060368408156783
4461.18017578125,4332.5586,-0.043466036210393355,False,-0.0,0.1921672952300404,0.2055126244057386
4511.60986328125,4376.8887,1.13041136006502,False,0.0,0.1921672952300404,0.21913987605903906
4456.240234375,4421.1475,-1.2272698789159042,False,-0.0,0.1921672952300404,0.20417773957831375
4520.16015625,4448.145,1.434391292056647,False,0.0,0.1921672952300404,0.22145036021570963
4543.06005859375,4473.3423,0.5066170567449069,False,0.0,0.1921672952300404,0.2276384360802346
4575.52001953125,4496.094,0.7144955276586762,False,0.0,0.1921672952300404,0.23640985780184676
4631.60009765625,4518.725,1.2256547427530462,False,0.0,0.1921672952300404,0.2515639738638613
4602.4501953125,4546.309,-0.629370017469788,False,-0.0,0.1921672952300404,0.24368700546290878
4530.41015625,4565.9253,-1.5652540713177343,True,-0.0,0.1921672952300404,0.22422014397545098
4545.85986328125,4566.4443,0.34102225843584133,True,0.34102225843584133,0.19623285106456745,0.22839500715866268
4582.64013671875,4560.7085,0.8090938687879357,False,0.8090938687879357,0.205911497718958,0.23833387584608046
4525.1201171875,4558.3936,-1.2551720801807331,True,-0.0,0.205911497718958,0.2227906547770404
4481.14990234375,4547.749,-0.9716916613271898,True,-0.9716916613271898,0.19419375625263702,0.2109088999490838
4500.2099609375,4528.086,0.4253385628492534,True,0.4253385628492534,0.1992731228131175,0.216059362461541
4488.27978515625,4510.875,-0.2651026482054286,True,-0.2651026482054286,0.196093818005324,0.21283555688790545
4412.52978515625,4495.3765,-1.687729010355421,True,-1.687729010355421,0.17590699564778034,0.19236617934640265
4397.4501953125,4470.882,-0.3417447717741773,True,-0.3417447717741773,0.17188839496922714,0.18829133026808287
4446.58984375,4444.5933,1.1174577597236057,False,1.1174577597236057,0.18498375277411117,0.20156998394628634
4392.58984375,4430.154,-1.214413784439794,True,-0.0,0.18498375277411117,0.18697795243155158
4391.68994140625,4414.496,-0.02048682840329885,True,-0.02048682840329885,0.18474098718607346,0.18673477829525198
4462.2099609375,4401.6978,1.6057604355527166,False,1.6057604355527166,0.20376508922208414,0.20579089584006138
4459.4501953125,4404.398,-0.06184750715809706,False,-0.0,0.20376508922208414,0.20504514422944498
4393.66015625,4413.3135,-1.4752948498371943,True,-0.0,0.20376508922208414,0.18726717527841474
4271.77978515625,4413.378,-2.7740054250753654,True,-2.7740054250753654,0.17037258034190028,0.1543323194260524
4296.1201171875,4389.8896,0.5697936985382235,True,0.5697936985382235,0.17704128955410758,0.16090963224233223
4175.2001953125,4364.1016,-2.8146308431003852,True,-2.8146308431003852,0.1439119223822911,0.12823431167271626
4183.9599609375,4320.77,0.20980468517017847,True,0.20980468517017847,0.14631190318966936,0.13060140011830312
4287.5,4278.567,2.474690007293945,False,2.474690007293945,0.17467956931032513,0.1585802799893563
4131.93017578125,4260.363,-3.6284507106413955,True,-0.0,0.17467956931032513,0.11654176558673135
4155.3798828125,4230.2173,0.5675242812353654,True,0.5675242812353654,0.18134616109287216,0.12287841121657017
4175.47998046875,4205.0244,0.48371263814863674,True,0.48371263814863674,0.1870604817743622,0.12830991600266728
4300.169921875,4189.331,2.986242108440229,False,2.986242108440229,0.22250898173376155,0.16200398182804543
4146.8701171875,4201.2236,-3.5649708609806985,True,-0.0,0.22250898173376155,0.1205788784724402
4123.33984375,4198.653,-0.5674224842484032,True,-0.5674224842484032,0.2155721908994479,0.11422046196224889
3991.239990234375,4187.642,-3.2037100632356763,True,-3.2037100632356763,0.17662878229370782,0.07852406889573338
4001.050048828125,4152.796,0.24578974498534745,True,0.24578974498534745,0.1795208151771317,0.08117497045427768
3935.179931640625,4114.589,-1.646320750393837,True,-1.646320750393837,0.16010211924165607,0.06337536256762455
3930.080078125,4069.5872,-0.12959645058717717,True,-0.12959645058717717,0.15859866807193224,0.06199726584131837
4023.889892578125,4028.038,2.386969542307149,False,2.386969542307149,0.18625406539638556,0.08734681711708525
4008.010009765625,4009.7512,-0.3946400929555671,False,-0.0,0.18625406539638556,0.08305571062726491
4088.85009765625,4002.4072,2.0169632234863677,False,0.0,0.18625406539638556,0.1049005460004857
3923.679931640625,4015.255,-4.03952607874526,True,-0.0,0.18625406539638556,0.06026780030059742
3900.7900390625,4008.8972,-0.5833781800992588,True,-0.5833781800992588,0.17933371801832276,0.054082429303025314
3901.360107421875,3992.2905,0.014614176965843662,True,0.014614176965843662,0.17950606793489188,0.05423647477460958
3973.75,3973.2815,1.8555039930923556,False,1.8555039930923556,0.20139185012419047,0.07379787466068843
3941.47998046875,3967.4373,-0.8120797617175213,True,-0.0,0.20139185012419047,0.06507777943881621
3978.72998046875,3963.0012,0.9450764734207695,False,0.9450764734207695,0.21274592185330876,0.07514357895592472
4057.840087890625,3966.3425,1.9883256167224195,False,0.0,0.21274592185330876,0.09652093415285168
4158.240234375,3985.3901,2.474226295510973,False,0.0,0.21274592185330876,0.12365134344144413
4132.14990234375,4024.829,-0.6274368617659065,False,-0.0,0.21274592185330876,0.11660114071496475
4101.22998046875,4063.1716,-0.7482768681131846,False,-0.0,0.21274592185330876,0.1082458726699067
4176.81982421875,4090.2913,1.8431018038486124,False,0.0,0.21274592185330876,0.12867197234016348
4108.5400390625,4120.034,-1.6347313992415624,True,-0.0,0.21274592185330876,0.11022121721387967
4121.43017578125,4134.008,0.3137400778913113,True,0.3137400778913113,0.21655079185315507,0.11370442612553244
4160.68017578125,4140.472,0.9523393173235029,False,0.9523393173235029,0.22813648335918302,0.12431067125429807
4115.77001953125,4147.98,-1.0793945785935621,True,-0.0,0.22813648335918302,0.11217492282223018
4017.820068359375,4146.6284,-2.379869397635359,True,-2.379869397635359,0.1989084390305227,0.08570661218580922
3900.860107421875,4125.328,-2.9110303335524668,True,-2.9110303335524668,0.16400785069882384,0.05410136337169558
3749.6298828125,4079.2893,-3.8768430665237275,True,-3.8768430665237275,0.11888109304521466,0.013235507751687914
3735.47998046875,4004.824,-0.37736797459957394,True,-0.37736797459957394,0.11465879412621227,0.009411881438161629
3789.989990234375,3927.0498,1.4592504858983224,True,1.4592504858983224,0.13092445799560748,0.024141729222763475
3666.77001953125,3868.2327,-3.2511951488163437,True,-3.2511951488163437,0.09415589688047676,-0.009155116994730816
3674.840087890625,3807.9517,0.2200865698254617,True,0.2200865698254617,0.09656398706246394,-0.006974400479433429
3764.7900390625,3759.2563,2.4477242280086964,False,2.4477242280086964,0.12340484944940999,0.01733212771036019
3759.889892578125,3738.2236,-0.13015723144006452,False,-0.0,0.12340484944940999,0.016007996378382128
3795.72998046875,3733.1833,0.9532217409177868,False,0.0,0.12340484944940999,0.025692805489323955
3911.739990234375,3743.3777,3.056329358583576,False,0.0,0.12340484944940999,0.057041355832373686
3900.110107421875,3778.2842,-0.2973071533776239,False,-0.0,0.12340484944940999,0.05389869626732424
3821.550048828125,3817.9102,-2.0143036075892073,True,-0.0,0.12340484944940999,0.03266997680807582
3818.830078125,3841.8613,-0.07117454091590814,True,-0.07117454091590814,0.12260527120518727,0.03193497869290618
3785.3798828125,3854.6135,-0.8759278267998716,True,-0.8759278267998716,0.1127720592495789,0.022895973060053754
3825.330078125,3854.1536,1.0553814029047315,True,1.0553814029047315,0.12451604861961907,0.03369142693079086
3831.389892578125,3853.434,0.15841285142366157,True,0.15841285142366157,0.12629742655695408,0.03532892699511381
3845.080078125,3852.826,0.35731642904301975,True,0.35731642904301975,0.13032187230193082,0.039028327345902225
3902.6201171875,3854.1848,1.4964587965241805,False,1.4964587965241805,0.1472366733890298,0.054576958148848
3899.3798828125,3865.1228,-0.0830271529819071,False,-0.0,0.1472366733890298,0.05370137292449373
3854.429931640625,3877.912,-1.1527461422777274,True,-0.0,0.1472366733890298,0.041554870996979076
3818.800048828125,3882.4114,-0.9243878717321574,True,-0.9243878717321574,0.13663175672015804,0.03192686409204759
3801.780029296875,3876.6714,-0.44569025122100925,True,-0.44569025122100925,0.13156589978817412,0.027327666659058725
3790.3798828125,3864.09,-0.299863390215227,True,-0.299863390215227,0.12817274791854993,0.024247087089195984
3863.159912109375,3848.126,1.9201249359436678,False,1.9201249359436678,0.14983507417185482,0.043913910814072254
3830.85009765625,3844.446,-0.8363571580831342,True,-0.0,0.14983507417185482,0.03518306209675326
3936.68994140625,3841.53,2.762829164595959,False,2.762829164595959,0.18160305294582835,0.06378340164331986
3959.89990234375,3856.7812,0.5895806193263242,False,0.0,0.18160305294582835,0.07005526241101911
3998.949951171875,3881.5667,0.986137270919718,False,0.0,0.18160305294582835,0.08060747617309194
3961.6298828125,3913.624,-0.9332466976346709,False,-0.0,0.18160305294582835,0.07052274258731317
3966.840087890625,3938.1382,0.13151670479691902,False,0.0,0.18160305294582835,0.07193065882246552
3921.050048828125,3956.3542,-1.154320266205866,True,-0.0,0.18160305294582835,0.05955714598800377
4023.610107421875,3961.0017,2.6156273782937722,False,2.6156273782937722,0.21250938590143442,0.08727121278713401
4072.429931640625,3974.9805,1.2133338697180918,False,0.0,0.21250938590143442,0.10046344266757501
4130.2900390625,3998.0461,1.4207760082581844,False,0.0,0.21250938590143442,0.11609856324064793
4118.6298828125,4030.9639,-0.28230841271976725,False,-0.0,0.21250938590143442,0.11294772310237522
4091.18994140625,4061.211,-0.6662395550704803,False,-0.0,0.21250938590143442,0.10553282514381102
4155.169921875,4081.0632,1.5638477163140152,False,0.0,0.21250938590143442,0.12282167498292429
4151.93994140625,4103.24,-0.07773401640558397,False,-0.0,0.21250938590143442,0.12194886059788757
4145.18994140625,4121.6387,-0.16257460597355333,False,-0.0,0.21250938590143442,0.12012485665854578
4140.06005859375,4134.0776,-0.12375507238541195,True,-0.0,0.21250938590143442,0.11873864533138101
4122.47021484375,4140.6753,-0.4248692893594086,True,-0.4248692893594086,0.20735780589013886,0.11398546839917256
4210.240234375,4140.3403,2.1290637641290244,False,2.1290637641290244,0.2330632234387291,0.13770292934452244
4207.27001953125,4151.0596,-0.07054739583503,False,-0.0,0.2330632234387291,0.136900309555531
4280.14990234375,4164.0225,1.7322368774566943,False,0.0,0.2330632234387291,0.15659411597757122
4297.14013671875,4188.2207,0.39695418998517695,False,0.0,0.2330632234387291,0.16118526478206618
4305.2001953125,4216.2793,0.18756797165810912,False,0.0,0.2330632234387291,0.1633632764304107
4274.0400390625,4243.1514,-0.7237794954094601,False,-0.0,0.2330632234387291,0.15494309157848374
4283.740234375,4260.023,0.2269561170191503,False,0.0,0.2330632234387291,0.15756430557291123
4228.47998046875,4271.2134,-1.2900001139847905,True,-0.0,0.2330632234387291,0.14263172471157337
4137.990234375,4268.4194,-2.14000649197158,True,-2.14000649197158,0.20667559040702632,0.11817933162341876
4128.72998046875,4244.756,-0.22378626777133093,True,-0.22378626777133093,0.20397521613914682,0.11567699983018831
4140.77001953125,4213.891,0.29161604463010526,True,0.29161604463010526,0.20748620104277848,0.11893049296794089
4199.1201171875,4186.191,1.4091605518061545,False,1.4091605518061545,0.2245016202563761,0.13469802007697518
4057.659912109375,4173.809,-3.3688058719518743,True,-0.0,0.2245016202563761,0.09647224654770037
4030.610107421875,4147.353,-0.6666355799502699,True,-0.6666355799502699,0.21633865677867958,0.08916277242793336
3986.159912109375,4115.7017,-1.1028155571448206,True,-1.1028155571448206,0.20292468484415793,0.07715131593096825
3955.0,4079.6497,-0.7817025105971265,True,-0.7817025105971265,0.1935213923821386,0.06873119705140596
3966.85009765625,4042.693,0.29962320243361873,True,0.29962320243361873,0.19709745939972434,0.0719333636894186
3924.260009765625,4013.519,-1.0736500458081055,True,-1.0736500458081055,0.18424482197851155,0.060424550639134766
3908.18994140625,3986.0347,-0.4095056983834944,True,-0.4095056983834944,0.17939527194969807,0.05608205167721003
3979.8701171875,3961.909,1.8341016392734,False,1.8341016392734,0.20102657996604045,0.07545166989909391
4006.179931640625,3955.178,0.6610721877456038,False,0.0,0.20102657996604045,0.08256118178144245
4067.360107421875,3961.965,1.5271449816332883,False,0.0,0.20102657996604045,0.09909346054212786
4110.41015625,3984.4905,1.05842727693497,False,0.0,0.20102657996604045,0.11072656552751425
3932.68994140625,4018.1091,-4.32366134006168,True,-0.0,0.20102657996604045,0.0627025104200063
3946.010009765625,4023.0737,0.33870120853238816,True,0.33870120853238816,0.20509447150718074,0.0663018966659028
3901.35009765625,4017.0815,-1.1317739184353415,True,-1.1317739184353415,0.19145552658615617,0.054233769907656715
3873.330078125,3998.7803,-0.7182134089448455,True,-0.7182134089448455,0.18289833323259996,0.04666212161055516
3899.889892578125,3972.8074,0.6857100716286535,True,0.6857100716286535,0.1910095862407033,0.053839189194360815
3855.929931640625,3951.2625,-1.1272103097361819,True,-1.1272103097361819,0.17758440339465187,0.041960205205721746
3789.929931640625,3927.681,-1.7116493600784488,True,-1.7116493600784488,0.1574282874895636,0.024125500021045854
3757.989990234375,3896.5737,-0.8427580979689431,True,-0.8427580979689431,0.14767396686856205,0.015494599436253642
3693.22998046875,3862.0457,-1.7232619015461026,True,-1.7232619015461026,0.12789653864355333,-0.002005032108089555
3655.0400390625,3821.0955,-1.0340526208282075,True,-1.0340526208282075,0.11623349492547908,-0.012324825229309444
3647.2900390625,3777.8386,-0.21203598092424114,True,-0.21203598092424114,0.11386667828510899,-0.01441905197447968
3719.0400390625,3739.1982,1.9672139926234733,True,1.9672139926234733,0.13577881943950398,0.004969434343709445
3640.469970703125,3720.1392,-2.1126437880238824,True,-2.1126437880238824,0.11178385876492425,-0.01626198998249173
3585.6201171875,3700.9873,-1.5066695771983274,True,-1.5066695771983274,0.09503294960071162,-0.031083671298761772
3678.429931640625,3677.216,2.5883894952576147,False,2.5883894952576147,0.12337666743778608,-0.006004342828823228
3790.929931640625,3669.851,3.0583700679551518,False,0.0,0.12337666743778608,0.024395722826874078
3783.280029296875,3688.6775,-0.2017948757084831,False,-0.0,0.12337666743778608,0.02232854475123247
3744.52001953125,3715.932,-1.0245080846639998,False,-0.0,0.12337666743778608,0.011854706158428208
3639.659912109375,3737.584,-2.8003617786773516,True,-0.0,0.12337666743778608,-0.016480886288580465
3612.389892578125,3736.995,-0.749246363390188,True,-0.749246363390188,0.11495980860983468,-0.023849867481310683
3588.840087890625,3721.802,-0.6519175777754405,True,-0.6519175777754405,0.10769118963237578,-0.030213561780678244
3577.030029296875,3697.7185,-0.3290773148014958,True,-0.3290773148014958,0.10404602920924089,-0.03340490895087944
3669.909912109375,3670.8098,2.596564246086497,False,2.596564246086497,0.13271329366402562,-0.008306646412270746
3583.070068359375,3660.8508,-2.366266361565439,True,-0.0,0.13271329366402562,-0.031772752648097424
3677.949951171875,3646.3564,2.6480052302171098,False,2.6480052302171098,0.16270760092361347,-0.0061340444978318365
3719.97998046875,3647.4185,1.1427569666488724,False,0.0,0.16270760092361347,0.0052234279478204915
3695.159912109375,3661.8193,-0.6672097293450308,False,-0.0,0.16270760092361347,-0.0014835205651030359
3665.780029296875,3676.6416,-0.7950909706564868,True,-0.0,0.16270760092361347,-0.009422634933606955
3752.75,3685.1577,2.372481982226482,False,2.372481982226482,0.19029262926150392,0.014078634572607163
3797.340087890625,3703.0833,1.1881976654619875,False,0.0,0.19029262926150392,0.026127893234547672
3859.110107421875,3729.1448,1.6266654579669915,False,0.0,0.19029262926150392,0.042819561228358394
3830.60009765625,3764.7268,-0.7387716072364547,False,-0.0,0.19029262926150392,0.03511550639529548
3807.300048828125,3794.5698,-0.6082610618211248,True,-0.0,0.19029262926150392,0.028819301825020238
3901.06005859375,3813.4585,2.46263778959277,False,2.46263778959277,0.21960522535643512,0.05415539473838771
3871.97998046875,3838.882,-0.745440410765752,False,-0.0,0.21960522535643512,0.04629729443374053
3856.10009765625,3857.821,-0.4101230608784645,True,-0.0,0.21960522535643512,0.042006187943920414
3759.68994140625,3868.1782,-2.500198485734284,True,-2.500198485734284,0.18911267398013742,0.015953965011688886
3719.889892578125,3857.13,-1.058599231542967,True,-1.058599231542967,0.1765247363512037,0.005199084145244948
3770.550048828125,3831.4473,1.3618724670070526,True,1.3618724670070526,0.19254750280309807,0.018888613710826174
3806.800048828125,3810.4934,0.9613981920559844,False,0.9613981920559844,0.20401263293445582,0.028684190422106237
3828.110107421875,3800.1392,0.5597892802462701,False,0.0,0.20401263293445582,0.03444265424767723
3748.570068359375,3799.7761,-2.077788695478977,True,-0.0,0.20401263293445582,0.012949121716506307
3956.3701171875,3791.8748,5.543448436034493,False,5.543448436034493,0.27075645240451873,0.0691014339621252
3992.929931640625,3815.4568,0.9240746788147902,False,0.0,0.27075645240451873,0.0789807296042151
3957.25,3855.2617,-0.8935777048800997,False,-0.0,0.27075645240451873,0.0693391983645193
3991.72998046875,3891.546,0.8713116550319144,False,0.0,0.27075645240451873,0.0786564754316943
3958.7900390625,3926.6904,-0.8252046497990273,False,-0.0,0.27075645240451873,0.06975535204107364
3946.56005859375,3950.1863,-0.30893228355314273,True,-0.0,0.27075645240451873,0.06645053240358112
3965.340087890625,3962.4922,0.47585819088147296,True,0.47585819088147296,0.2768034510694404,0.07152532461372263
3949.93994140625,3970.2158,-0.3883688698329779,True,-0.3883688698329779,0.27184474393653346,0.0673638538205461
4003.580078125,3971.5083,1.3579987927526016,False,1.3579987927526016,0.28911638020487906,0.08185864206970672
4027.260009765625,3978.0295,0.5914689147847652,False,0.0,0.28911638020487906,0.08825749963946161
4026.1201171875,3989.2656,-0.02830441976333642,False,-0.0,0.28911638020487906,0.08794947466865777
3963.93994140625,4000.6812,-1.5444192913123267,True,-0.0,0.28911638020487906,0.0711469731021439
3957.6298828125,4000.3896,-0.15918653377758885,True,-0.15918653377758885,0.2870642805228718,0.06944185136399894
4080.110107421875,3993.9436,3.0947872397389053,False,3.0947872397389053,0.326896181643731,0.10253880131643944
4076.570068359375,4005.2002,-0.08676332180498347,False,-0.0,0.326896181643731,0.10158220202822843
4071.699951171875,4021.6516,-0.1194660488065602,False,-0.0,0.326896181643731,0.10026618529710896
3998.840087890625,4037.6328,-1.7894212283564803,True,-0.0,0.326896181643731,0.08057778860897447
3941.260009765625,4039.2444,-1.4399194981406072,True,-1.4399194981406072,0.30778994480415967,0.06501833833821724
3933.919921875,4024.9382,-0.18623708845491027,True,-0.18623708845491027,0.30535435488785034,0.06303487919338524
3963.510009765625,4004.2507,0.752178195750397,True,0.752178195750397,0.3151729457225949,0.0710307957678995
3934.3798828125,3988.3005,-0.7349578247904498,True,-0.7349578247904498,0.3055069792484797,0.06315917112848801
3990.56005859375,3972.1482,1.4279296218109305,False,1.4279296218109305,0.3241487001199779,0.0783403358600312
4019.64990234375,3967.9045,0.728966443879342,False,0.0,0.3241487001199779,0.08620107505926655
3995.320068359375,3974.5203,-0.6052724634100337,False,-0.0,0.3241487001199779,0.07962659905466896
3895.75,3981.6028,-2.4921675023714007,True,-0.0,0.3241487001199779,0.052720495806070966
3852.360107421875,3972.2974,-1.1137750774080746,True,-1.1137750774080746,0.30940066191021853,0.04099555728901616
3817.659912109375,3950.4722,-0.9007516001852345,True,-0.9007516001852345,0.2976062144952263,0.031618773148878176
3821.6201171875,3920.5964,0.10373383615349674,True,0.10373383615349674,0.29895227119968837,0.03268891087674519
3878.43994140625,3892.2302,1.4867993802734736,False,1.4867993802734736,0.31826508551793364,0.04804292320381354
3822.389892578125,3877.9827,-1.445169956861636,True,-0.0,0.31826508551793364,0.03289692174265757
3844.820068359375,3863.5835,0.5868102525282026,True,0.5868102525282026,0.32600080019525257,0.038958066777491585
3829.25,3855.739,-0.4049622110409712,True,-0.4049622110409712,0.32063099803636086,0.03475067921848085
3783.219970703125,3849.8262,-1.2020638322615351,True,-1.2020638322615351,0.3047561704513313,0.02231231554951485
3849.280029296875,3838.8047,1.7461331644819111,False,1.7461331644819111,0.32753895065920613,0.04016324993590792
3839.5,3837.9856,-0.25407424823445934,False,-0.0,0.32753895065920613,0.0375204629782222
