,Close,Predictions
2016-12-30,2238.830078125,2270.3833
2017-01-03,2257.830078125,2264.698
2017-01-04,2270.75,2265.322
2017-01-05,2269.0,2270.6936
2017-01-06,2276.97998046875,2275.2317
2017-01-09,2268.89990234375,2280.471
2017-01-10,2268.89990234375,2282.2024
2017-01-11,2275.320068359375,2282.6284
2017-01-12,2270.43994140625,2284.3218
2017-01-13,2274.639892578125,2284.5105
2017-01-17,2267.889892578125,2285.447
2017-01-18,2271.889892578125,2284.481
2017-01-19,2263.68994140625,2284.4456
2017-01-20,2271.31005859375,2282.4348
2017-01-23,2265.199951171875,2282.606
2017-01-24,2280.070068359375,2281.5896
2017-01-25,2298.3701171875,2284.6074
2017-01-26,2296.679931640625,2292.6133
2017-01-27,2294.68994140625,2299.0872
2017-01-30,2280.89990234375,2302.8813
2017-01-31,2278.8701171875,2301.2664
2017-02-01,2279.550048828125,2298.3
2017-02-02,2280.85009765625,2296.014
2017-02-03,2297.419921875,2294.8926
2017-02-06,2292.56005859375,2298.8384
2017-02-07,2293.080078125,2301.5625
2017-02-08,2294.669921875,2303.432
2017-02-09,2307.8701171875,2305.002
2017-02-10,2316.10009765625,2309.6042
2017-02-13,2328.25,2315.8176
2017-02-14,2337.580078125,2323.942
2017-02-15,2349.25,2332.7358
2017-02-16,2347.219970703125,2342.3574
2017-02-17,2351.159912109375,2348.9163
2017-02-21,2365.3798828125,2354.0027
2017-02-22,2362.820068359375,2361.1445
2017-02-23,2363.81005859375,2366.072
2017-02-24,2367.340087890625,2369.4316
2017-02-27,2369.75,2372.4688
2017-02-28,2363.639892578125,2375.266
2017-03-01,2395.9599609375,2375.6294
2017-03-02,2381.919921875,2384.1
2017-03-03,2383.1201171875,2388.2693
2017-03-06,2375.31005859375,2390.7185
2017-03-07,2368.389892578125,2389.9832
2017-03-08,2362.97998046875,2386.8933
2017-03-09,2364.8701171875,2382.7031
2017-03-10,2372.60009765625,2379.984
2017-03-13,2373.469970703125,2380.4854
2017-03-14,2365.449951171875,2381.8591
2017-03-15,2385.260009765625,2380.9304
2017-03-16,2381.3798828125,2385.0942
2017-03-17,2378.25,2388.1738
2017-03-20,2373.469970703125,2389.3296
2017-03-21,2344.02001953125,2388.4172
2017-03-22,2348.449951171875,2379.3403
2017-03-23,2345.9599609375,2372.1567
2017-03-24,2343.97998046875,2366.7114
2017-03-27,2341.590087890625,2362.7026
2017-03-28,2358.570068359375,2359.5374
2017-03-29,2361.1298828125,2362.041
2017-03-30,2368.06005859375,2365.8105
2017-03-31,2362.719970703125,2370.688
2017-04-03,2358.840087890625,2372.974
2017-04-04,2360.159912109375,2372.9497
2017-04-05,2352.949951171875,2372.7097
2017-04-06,2357.489990234375,2370.5105
2017-04-07,2355.5400390625,2369.7024
2017-04-10,2357.159912109375,2368.9004
2017-04-11,2353.780029296875,2368.7808
2017-04-12,2344.929931640625,2367.946
2017-04-13,2328.949951171875,2364.8118
2017-04-17,2349.010009765625,2357.7366
2017-04-18,2342.18994140625,2357.147
2017-04-19,2338.169921875,2356.3386
2017-04-20,2355.840087890625,2354.6807
2017-04-21,2348.68994140625,2358.044
2017-04-24,2374.14990234375,2359.6543
2017-04-25,2388.610107421875,2367.2869
2017-04-26,2387.449951171875,2377.9917
2017-04-27,2388.77001953125,2386.0793
2017-04-28,2384.199951171875,2391.6387
2017-05-01,2388.330078125,2393.7805
2017-05-02,2391.169921875,2395.6318
2017-05-03,2388.1298828125,2397.6504
2017-05-04,2389.52001953125,2398.3477
2017-05-05,2399.2900390625,2398.9648
2017-05-08,2399.3798828125,2402.0554
2017-05-09,2396.919921875,2404.8975
2017-05-10,2399.6298828125,2406.2725
2017-05-11,2394.43994140625,2407.684
2017-05-12,2390.89990234375,2407.32
2017-05-15,2402.320068359375,2405.728
2017-05-16,2400.669921875,2407.399
2017-05-17,2357.030029296875,2408.9055
2017-05-18,2365.719970703125,2398.2324
2017-05-19,2381.72998046875,2390.1787
2017-05-22,2394.02001953125,2389.2295
2017-05-23,2398.419921875,2393.5178
2017-05-24,2404.389892578125,2399.0369
2017-05-25,2415.070068359375,2404.9146
2017-05-26,2415.820068359375,2412.0732
2017-05-30,2412.909912109375,2417.67
2017-05-31,2411.800048828125,2420.5266
2017-06-01,2430.06005859375,2421.6265
2017-06-02,2439.070068359375,2426.921
2017-06-05,2436.10009765625,2434.0962
2017-06-06,2429.330078125,2438.9165
2017-06-07,2433.139892578125,2440.0469
2017-06-08,2433.7900390625,2441.0564
2017-06-09,2431.77001953125,2441.929
2017-06-12,2429.389892578125,2442.0164
2017-06-13,2440.35009765625,2441.2998
2017-06-14,2437.919921875,2443.597
2017-06-15,2432.4599609375,2445.296
2017-06-16,2433.14990234375,2444.9585
2017-06-19,2453.4599609375,2444.4614
2017-06-20,2437.030029296875,2449.555
2017-06-21,2435.610107421875,2450.0435
2017-06-22,2434.5,2449.0303
2017-06-23,2438.300048828125,2447.6355
2017-06-26,2439.070068359375,2447.5747
2017-06-27,2419.3798828125,2448.0513
2017-06-28,2440.68994140625,2443.2214
2017-06-29,2419.699951171875,2444.3318
2017-06-30,2423.409912109375,2440.765
2017-07-03,2429.010009765625,2438.2136
2017-07-05,2432.5400390625,2438.0894
2017-07-06,2409.75,2439.5112
2017-07-07,2425.179931640625,2434.7441
2017-07-10,2427.429931640625,2434.0989
2017-07-11,2425.530029296875,2435.1125
2017-07-12,2443.25,2435.7273
2017-07-13,2447.830078125,2440.863
2017-07-14,2459.27001953125,2446.7825
2017-07-17,2459.139892578125,2454.3088
2017-07-18,2460.610107421875,2460.015
2017-07-19,2473.830078125,2464.085
2017-07-20,2473.449951171875,2470.1812
2017-07-21,2472.5400390625,2474.8909
2017-07-24,2469.909912109375,2477.7383
2017-07-25,2477.1298828125,2478.6587
2017-07-26,2477.830078125,2480.853
2017-07-27,2475.419921875,2482.923
2017-07-28,2472.10009765625,2483.779
2017-07-31,2470.300048828125,2483.2612
2017-08-01,2476.35009765625,2482.1233
2017-08-02,2477.570068359375,2482.8293
2017-08-03,2472.159912109375,2484.1077
2017-08-04,2476.830078125,2483.7327
2017-08-07,2480.909912109375,2484.3801
2017-08-08,2474.919921875,2486.1775
2017-08-09,2474.02001953125,2486.1235
2017-08-10,2438.2099609375,2485.4436
2017-08-11,2441.320068359375,2475.128
2017-08-14,2465.840087890625,2466.4216
2017-08-15,2464.610107421875,2467.1047
2017-08-16,2468.110107421875,2469.4077
2017-08-17,2430.010009765625,2472.453
2017-08-18,2425.550048828125,2464.5051
2017-08-21,2428.3701171875,2455.118
2017-08-22,2452.510009765625,2448.7185
2017-08-23,2444.0400390625,2451.3057
2017-08-24,2438.969970703125,2452.9172
2017-08-25,2443.050048828125,2452.5378
2017-08-28,2444.239990234375,2452.8772
2017-08-29,2446.300048828125,2453.5498
2017-08-30,2457.590087890625,2454.6377
2017-08-31,2471.64990234375,2458.5364
2017-09-01,2476.550048828125,2465.7422
2017-09-05,2457.85009765625,2472.9768
2017-09-06,2465.5400390625,2473.117
2017-09-07,2465.10009765625,2473.6855
2017-09-08,2461.429931640625,2474.0083
2017-09-11,2488.110107421875,2473.2107
2017-09-12,2496.47998046875,2479.6218
2017-09-13,2498.3701171875,2488.114
2017-09-14,2495.6201171875,2495.254
2017-09-15,2500.22998046875,2499.3455
2017-09-18,2503.8701171875,2502.834
2017-09-19,2506.64990234375,2506.1704
2017-09-20,2508.239990234375,2509.2974
2017-09-21,2500.60009765625,2511.9512
2017-09-22,2502.219970703125,2511.7117
2017-09-25,2496.659912109375,2511.3655
2017-09-26,2496.840087890625,2509.6045
2017-09-27,2507.0400390625,2508.1172
2017-09-28,2510.06005859375,2509.9019
2017-09-29,2519.360107421875,2512.7654
2017-10-02,2529.1201171875,2517.6265
2017-10-03,2534.580078125,2524.2175
2017-10-04,2537.739990234375,2530.8206
2017-10-05,2552.070068359375,2536.4177
2017-10-06,2549.330078125,2544.079
2017-10-09,2544.72998046875,2549.274
2017-10-10,2550.639892578125,2551.2227
2017-10-11,2555.239990234375,2553.4932
2017-10-12,2550.929931640625,2556.439
2017-10-13,2553.169921875,2557.572
2017-10-16,2557.639892578125,2558.6355
2017-10-17,2559.360107421875,2560.6194
2017-10-18,2561.260009765625,2562.7515
2017-10-19,2562.10009765625,2564.8696
2017-10-20,2575.2099609375,2566.6436
2017-10-23,2564.97998046875,2571.4172
2017-10-24,2569.1298828125,2572.745
2017-10-25,2557.14990234375,2574.0996
2017-10-26,2560.39990234375,2571.813
2017-10-27,2581.070068359375,2570.2715
2017-10-30,2572.830078125,2574.9326
2017-10-31,2575.260009765625,2577.4426
2017-11-01,2579.360107421875,2579.4915
2017-11-02,2579.85009765625,2581.955
2017-11-03,2587.840087890625,2583.945
2017-11-06,2591.1298828125,2587.4426
2017-11-07,2590.639892578125,2591.1763
2017-11-08,2594.3798828125,2593.7883
2017-11-09,2584.6201171875,2596.4346
2017-11-10,2582.300048828125,2595.6875
2017-11-13,2584.840087890625,2593.7886
2017-11-14,2578.8701171875,2592.8572
2017-11-15,2564.6201171875,2590.8037
2017-11-16,2585.639892578125,2585.258
2017-11-17,2578.85009765625,2586.2341
2017-11-20,2582.139892578125,2586.5293
2017-11-21,2599.030029296875,2587.5532
2017-11-22,2597.080078125,2593.026
2017-11-24,2602.419921875,2597.396
2017-11-27,2601.419921875,2601.7505
2017-11-28,2627.0400390625,2604.5623
2017-11-29,2626.070068359375,2613.174
2017-11-30,2647.580078125,2620.332
2017-12-01,2642.219970703125,2631.021
2017-12-04,2639.43994140625,2637.9705
2017-12-05,2629.570068359375,2641.3906
2017-12-06,2629.27001953125,2640.3555
2017-12-07,2636.97998046875,2638.5525
2017-12-08,2651.5,2639.202
2017-12-11,2659.989990234375,2644.2078
2017-12-12,2664.110107421875,2651.1343
2017-12-13,2662.85009765625,2657.7087
2017-12-14,2652.010009765625,2662.0298
2017-12-15,2675.81005859375,2661.688
2017-12-18,2690.159912109375,2666.8918
2017-12-19,2681.469970703125,2675.722
2017-12-20,2679.25,2680.5435
2017-12-21,2684.570068359375,2682.5588
2017-12-22,2683.340087890625,2684.8164
2017-12-26,2680.5,2686.1528
2017-12-27,2682.6201171875,2686.1733
2017-12-28,2687.5400390625,2686.51
2017-12-29,2673.610107421875,2688.1892
2018-01-02,2695.81005859375,2685.935
2018-01-03,2713.06005859375,2689.5508
2018-01-04,2723.989990234375,2698.111
2018-01-05,2743.14990234375,2708.3591
2018-01-08,2747.7099609375,2721.3157
2018-01-09,2751.2900390625,2732.4067
2018-01-10,2748.22998046875,2740.9016
2018-01-11,2767.56005859375,2745.541
2018-01-12,2786.239990234375,2753.2722
2018-01-16,2776.419921875,2764.559
2018-01-17,2802.56005859375,2770.7822
2018-01-18,2798.030029296875,2781.337
2018-01-19,2810.300048828125,2788.5735
2018-01-22,2832.969970703125,2796.4614
2018-01-23,2839.1298828125,2808.4463
2018-01-24,2837.5400390625,2819.6292
2018-01-25,2839.25,2827.088
2018-01-26,2872.8701171875,2832.1145
2018-01-29,2853.530029296875,2844.389
2018-01-30,2822.429931640625,2849.4573
2018-01-31,2823.81005859375,2843.1536
2018-02-01,2821.97998046875,2836.5935
2018-02-02,2762.1298828125,2831.3452
2018-02-05,2648.93994140625,2811.6487
2018-02-06,2695.139892578125,2763.752
2018-02-07,2681.659912109375,2736.0269
2018-02-08,2581.0,2716.7954
2018-02-09,2619.550048828125,2677.8367
2018-02-12,2656.0,2656.2822
2018-02-13,2662.93994140625,2654.3828
2018-02-14,2698.6298828125,2659.315
2018-02-15,2731.199951171875,2674.0796
2018-02-16,2732.219970703125,2695.4995
2018-02-20,2716.260009765625,2712.3738
2018-02-21,2701.330078125,2718.8838
2018-02-22,2703.9599609375,2716.9414
2018-02-23,2747.300048828125,2714.1855
2018-02-26,2779.60009765625,2723.7078
2018-02-27,2744.280029296875,2741.9846
2018-02-28,2713.830078125,2747.4287
2018-03-01,2677.669921875,2740.2966
2018-03-02,2691.25,2722.5122
2018-03-05,2720.93994140625,2711.1304
2018-03-06,2728.1201171875,2712.4824
2018-03-07,2726.800048828125,2718.3477
2018-03-08,2738.969970703125,2723.3396
2018-03-09,2786.570068359375,2730.0828
2018-03-12,2783.02001953125,2748.232
2018-03-13,2765.31005859375,2762.69
2018-03-14,2749.47998046875,2767.4302
2018-03-15,2747.330078125,2764.3042
2018-03-16,2752.010009765625,2759.677
2018-03-19,2712.919921875,2757.2866
2018-03-20,2716.93994140625,2745.4624
2018-03-21,2711.929931640625,2736.162
2018-03-22,2643.68994140625,2728.6938
2018-03-23,2588.260009765625,2705.2766
2018-03-26,2658.550048828125,2670.0803
2018-03-27,2612.6201171875,2661.3506
2018-03-28,2605.0,2648.3762
2018-03-29,2640.8701171875,2636.3555
2018-04-02,2581.8798828125,2637.6294
2018-04-03,2614.449951171875,2625.3677
2018-04-04,2644.68994140625,2622.4678
2018-04-05,2662.840087890625,2630.4255
2018-04-06,2604.469970703125,2643.405
2018-04-09,2613.159912109375,2637.8877
2018-04-10,2656.8701171875,2632.1367
2018-04-11,2642.18994140625,2639.5771
2018-04-12,2663.989990234375,2643.7512
2018-04-13,2656.300048828125,2652.014
2018-04-16,2677.840087890625,2656.6553
2018-04-17,2706.389892578125,2665.0332
2018-04-18,2708.639892578125,2679.5552
2018-04-19,2693.1298828125,2691.9128
2018-04-20,2670.139892578125,2696.0857
2018-04-23,2670.2900390625,2690.994
2018-04-24,2634.56005859375,2685.32
2018-04-25,2639.39990234375,2671.401
2018-04-26,2666.93994140625,2661.046
2018-04-27,2669.909912109375,2661.938
2018-04-30,2648.050048828125,2665.9724
2018-05-01,2654.800048828125,2663.7507
2018-05-02,2635.669921875,2662.659
2018-05-03,2629.72998046875,2656.8564
2018-05-04,2663.419921875,2650.0574
2018-05-07,2672.6298828125,2654.0845
2018-05-08,2671.919921875,2661.834
2018-05-09,2697.7900390625,2668.075
2018-05-10,2723.070068359375,2679.2346
2018-05-11,2727.719970703125,2695.1096
2018-05-14,2730.1298828125,2708.7468
2018-05-15,2711.449951171875,2718.6497
2018-05-16,2722.4599609375,2719.7622
2018-05-17,2720.1298828125,2721.5996
2018-05-18,2712.969970703125,2722.3909
2018-05-21,2733.010009765625,2720.8496
2018-05-22,2724.43994140625,2724.7664
2018-05-23,2733.2900390625,2726.4758
2018-05-24,2727.760009765625,2729.744
2018-05-25,2721.330078125,2730.943
2018-05-29,2689.860107421875,2729.6536
2018-05-30,2724.010009765625,2719.6362
2018-05-31,2705.27001953125,2719.8975
2018-06-01,2734.6201171875,2717.188
2018-06-04,2746.8701171875,2722.7349
2018-06-05,2748.800048828125,2731.8284
2018-06-06,2772.35009765625,2739.6936
2018-06-07,2770.3701171875,2751.471
2018-06-08,2779.030029296875,2760.1453
2018-06-11,2782.0,2768.0293
2018-06-12,2786.85009765625,2774.2476
2018-06-13,2775.6298828125,2779.639
2018-06-14,2782.489990234375,2780.2493
2018-06-15,2779.659912109375,2781.55
2018-06-18,2773.75,2781.864
2018-06-19,2762.590087890625,2780.331
2018-06-20,2767.320068359375,2775.847
2018-06-21,2749.760009765625,2773.3433
2018-06-22,2754.8798828125,2767.2297
2018-06-25,2717.070068359375,2763.5513
2018-06-26,2723.06005859375,2751.1555
2018-06-27,2699.6298828125,2742.1035
2018-06-28,2716.31005859375,2729.9314
2018-06-29,2718.3701171875,2725.158
2018-07-02,2726.7099609375,2723.9019
2018-07-03,2713.219970703125,2726.0974
2018-07-05,2736.610107421875,2724.7314
2018-07-06,2759.820068359375,2729.3203
2018-07-09,2784.169921875,2740.121
2018-07-10,2793.840087890625,2755.813
2018-07-11,2774.02001953125,2770.6968
2018-07-12,2798.2900390625,2775.6968
2018-07-13,2801.31005859375,2783.668
2018-07-16,2798.429931640625,2790.7026
2018-07-17,2809.550048828125,2794.7656
2018-07-18,2815.6201171875,2800.078
2018-07-19,2804.489990234375,2805.814
2018-07-20,2801.830078125,2807.026
2018-07-23,2806.97998046875,2806.2498
2018-07-24,2820.39990234375,2806.6958
2018-07-25,2846.070068359375,2810.9956
2018-07-26,2837.43994140625,2821.9878
2018-07-27,2818.820068359375,2828.9988
2018-07-30,2802.60009765625,2828.139
2018-07-31,2816.2900390625,2821.3772
2018-08-01,2813.360107421875,2818.9797
2018-08-02,2827.219970703125,2817.4092
2018-08-03,2840.35009765625,2820.3545
2018-08-06,2850.39990234375,2827.0696
2018-08-07,2858.449951171875,2835.4836
2018-08-08,2857.699951171875,2844.0845
2018-08-09,2853.580078125,2850.0522
2018-08-10,2833.280029296875,2852.5967
2018-08-13,2821.929931640625,2848.0925
2018-08-14,2839.9599609375,2840.2458
2018-08-15,2818.3701171875,2838.8342
2018-08-16,2840.68994140625,2833.34
2018-08-17,2850.1298828125,2834.761
2018-08-20,2857.050048828125,2839.8457
2018-08-21,2862.9599609375,2846.2385
2018-08-22,2861.820068359375,2852.7239
2018-08-23,2856.97998046875,2857.045
2018-08-24,2874.68994140625,2858.3108
2018-08-27,2896.739990234375,2863.364
2018-08-28,2897.52001953125,2873.7817
2018-08-29,2914.0400390625,2882.6125
2018-08-30,2901.1298828125,2893.1372
2018-08-31,2901.52001953125,2897.4438
2018-09-04,2896.719970703125,2899.3086
2018-09-05,2888.60009765625,2898.7622
2018-09-06,2878.050048828125,2895.6565
2018-09-07,2871.679931640625,2890.0486
2018-09-10,2877.1298828125,2883.822
2018-09-11,2887.889892578125,2880.7947
2018-09-12,2888.919921875,2882.3284
2018-09-13,2904.179931640625,2884.761
2018-09-14,2904.97998046875,2890.9285
2018-09-17,2888.800048828125,2896.3462
2018-09-18,2904.31005859375,2895.6309
2018-09-19,2907.949951171875,2898.0232
2018-09-20,2930.75,2901.3152
2018-09-21,2929.669921875,2910.1252
2018-09-24,2919.3701171875,2917.291
2018-09-25,2915.56005859375,2919.2668
2018-09-26,2905.969970703125,2918.4988
2018-09-27,2914.0,2914.6965
2018-09-28,2913.97998046875,2913.5442
2018-10-01,2924.590087890625,2913.2979
2018-10-02,2923.429931640625,2916.294
2018-10-03,2925.510009765625,2918.8457
2018-10-04,2901.610107421875,2921.189
2018-10-05,2885.570068359375,2916.271
2018-10-08,2884.429931640625,2906.8335
2018-10-09,2880.340087890625,2898.7825
2018-10-10,2785.679931640625,2892.2146
2018-10-11,2728.3701171875,2862.0217
2018-10-12,2767.1298828125,2819.8567
2018-10-15,2750.7900390625,2797.6047
2018-10-16,2809.919921875,2781.52
2018-10-17,2809.2099609375,2787.7434
2018-10-18,2768.780029296875,2796.842
2018-10-19,2767.780029296875,2793.0034
2018-10-22,2755.8798828125,2787.039
2018-10-23,2740.68994140625,2778.7744
2018-10-24,2656.10009765625,2768.077
2018-10-25,2705.570068359375,2736.7466
2018-10-26,2658.68994140625,2723.2761
2018-10-29,2641.25,2704.557
2018-10-30,2682.6298828125,2685.4434
2018-10-31,2711.739990234375,2682.864
2018-11-01,2740.3701171875,2692.499
2018-11-02,2723.06005859375,2709.91
2018-11-05,2738.31005859375,2719.2927
2018-11-06,2755.449951171875,2728.286
2018-11-07,2813.889892578125,2739.0547
2018-11-08,2806.830078125,2762.9438
2018-11-09,2781.010009765625,2780.8496
2018-11-12,2726.219970703125,2785.3206
2018-11-13,2722.179931640625,2770.5464
2018-11-14,2701.580078125,2754.621
2018-11-15,2730.199951171875,2737.3018
2018-11-16,2736.27001953125,2732.559
2018-11-19,2690.72998046875,2733.6929
2018-11-20,2641.889892578125,2723.5908
2018-11-21,2649.929931640625,2700.7366
2018-11-23,2632.56005859375,2683.7307
2018-11-26,2673.449951171875,2668.04
2018-11-27,2682.169921875,2668.3035
2018-11-28,2743.7900390625,2674.3652
2018-11-29,2737.800048828125,2696.8306
2018-11-30,2760.169921875,2714.7847
2018-12-03,2790.3701171875,2732.714
2018-12-04,2700.06005859375,2753.547
2018-12-06,2695.949951171875,2744.29
2018-12-07,2633.080078125,2729.9648
2018-12-10,2637.719970703125,2701.2422
2018-12-11,2636.780029296875,2678.8855
2018-12-12,2651.070068359375,2664.044
2018-12-13,2650.5400390625,2659.1582
2018-12-14,2599.949951171875,2657.8604
2018-12-17,2545.93994140625,2644.0808
2018-12-18,2546.159912109375,2616.826
2018-12-19,2506.9599609375,2594.2651
2018-12-20,2467.419921875,2568.378
2018-12-21,2416.6201171875,2538.4238
2018-12-24,2351.10009765625,2502.2676
2018-12-26,2467.699951171875,2457.208
2018-12-27,2488.830078125,2454.239
2018-12-28,2485.739990234375,2467.1006
2018-12-31,2506.85009765625,2479.238
2019-01-02,2510.030029296875,2493.3704
2019-01-03,2447.889892578125,2504.5115
2019-01-04,2531.93994140625,2494.7615
2019-01-07,2549.68994140625,2505.594
2019-01-08,2574.409912109375,2522.4531
2019-01-09,2584.9599609375,2542.6553
2019-01-10,2596.639892578125,2560.6973
2019-01-11,2596.260009765625,2576.2583
2019-01-14,2582.610107421875,2586.6797
2019-01-15,2610.300048828125,2589.2678
2019-01-16,2616.10009765625,2596.8943
2019-01-17,2635.9599609375,2605.056
2019-01-18,2670.7099609375,2616.551
2019-01-22,2632.89990234375,2635.0588
2019-01-23,2638.699951171875,2639.6775
2019-01-24,2642.330078125,2641.6292
2019-01-25,2664.760009765625,2643.3794
2019-01-28,2643.85009765625,2650.7585
2019-01-29,2640.0,2651.6902
2019-01-30,2681.050048828125,2650.0337
2019-01-31,2704.10009765625,2659.4685
2019-02-01,2706.530029296875,2674.9807
2019-02-04,2724.8701171875,2688.22
2019-02-05,2737.699951171875,2702.255
2019-02-06,2731.610107421875,2715.94
2019-02-07,2706.050048828125,2723.9976
2019-02-08,2707.8798828125,2721.5798
2019-02-11,2709.800048828125,2718.0637
2019-02-12,2744.72998046875,2715.8225
2019-02-13,2753.030029296875,2724.1116
2019-02-14,2745.72998046875,2734.7068
2019-02-15,2775.60009765625,2740.9539
2019-02-19,2779.760009765625,2752.674
2019-02-20,2784.699951171875,2763.3535
2019-02-21,2774.8798828125,2772.1694
2019-02-22,2792.669921875,2775.386
2019-02-25,2796.110107421875,2781.3335
2019-02-26,2793.89990234375,2787.1028
2019-02-27,2792.3798828125,2790.66
2019-02-28,2784.489990234375,2792.3608
2019-03-01,2803.68994140625,2791.0593
2019-03-04,2792.81005859375,2794.7705
2019-03-05,2789.64990234375,2795.572
2019-03-06,2771.449951171875,2794.7588
2019-03-07,2748.929931640625,2788.8843
2019-03-08,2743.070068359375,2777.486
2019-03-11,2783.300048828125,2766.5635
2019-03-12,2791.52001953125,2769.8481
2019-03-13,2810.919921875,2777.5732
2019-03-14,2808.47998046875,2789.4934
2019-03-15,2822.47998046875,2798.2502
2019-03-18,2832.93994140625,2807.6182
2019-03-19,2832.570068359375,2817.2012
2019-03-20,2824.22998046875,2823.9429
2019-03-21,2854.8798828125,2825.8345
2019-03-22,2800.7099609375,2834.485
2019-03-25,2798.360107421875,2827.2832
2019-03-26,2818.4599609375,2818.1953
2019-03-27,2805.3701171875,2816.707
2019-03-28,2815.43994140625,2813.774
2019-03-29,2834.39990234375,2814.2686
2019-04-01,2867.18994140625,2820.5786
2019-04-02,2867.239990234375,2835.3562
2019-04-03,2873.39990234375,2847.7854
2019-04-04,2879.389892578125,2857.873
2019-04-05,2892.739990234375,2866.1328
2019-04-08,2895.77001953125,2875.228
2019-04-09,2878.199951171875,2882.6958
2019-04-10,2888.2099609375,2882.8809
2019-04-11,2888.320068359375,2884.21
2019-04-12,2907.409912109375,2885.418
2019-04-15,2905.580078125,2891.5623
2019-04-16,2907.06005859375,2896.5654
2019-04-17,2900.449951171875,2900.3967
2019-04-18,2905.030029296875,2901.0989
2019-04-22,2907.969970703125,2902.2136
2019-04-23,2933.679931640625,2903.9146
2019-04-24,2927.25,2912.342
2019-04-25,2926.169921875,2918.0637
2019-04-26,2939.8798828125,2921.3533
2019-04-29,2943.030029296875,2926.92
2019-04-30,2945.830078125,2932.2249
2019-05-01,2923.72998046875,2936.7568
2019-05-02,2917.52001953125,2933.7808
2019-05-03,2945.639892578125,2928.3823
2019-05-06,2932.469970703125,2931.6953
2019-05-07,2884.050048828125,2932.3335
2019-05-08,2879.419921875,2919.0896
2019-05-09,2870.719970703125,2905.443
2019-05-10,2881.39990234375,2893.166
2019-05-13,2811.8701171875,2887.6904
2019-05-14,2834.409912109375,2866.2917
2019-05-15,2850.9599609375,2853.8835
2019-05-16,2876.320068359375,2851.344
2019-05-17,2859.530029296875,2858.6711
2019-05-20,2840.22998046875,2861.4697
2019-05-21,2864.360107421875,2857.2156
2019-05-22,2856.27001953125,2859.1133
2019-05-23,2822.239990234375,2859.4146
2019-05-24,2826.06005859375,2849.97
2019-05-28,2802.389892578125,2842.116
2019-05-29,2783.02001953125,2830.2659
2019-05-30,2788.860107421875,2815.6748
2019-05-31,2752.06005859375,2806.238
2019-06-03,2744.449951171875,2790.5576
2019-06-04,2803.27001953125,2775.9937
2019-06-05,2826.14990234375,2781.815
2019-06-06,2843.489990234375,2796.6165
2019-06-07,2873.340087890625,2813.9783
2019-06-10,2886.72998046875,2835.0337
2019-06-11,2885.719970703125,2854.3777
2019-06-12,2879.840087890625,2867.4106
2019-06-13,2891.639892578125,2873.603
2019-06-14,2886.97998046875,2879.657
2019-06-17,2889.669921875,2882.6028
2019-06-18,2917.75,2884.8198
2019-06-19,2926.4599609375,2893.9783
2019-06-20,2954.179931640625,2904.4573
2019-06-21,2950.4599609375,2919.9456
2019-06-24,2945.35009765625,2931.098
2019-06-25,2917.3798828125,2936.8027
2019-06-26,2913.780029296875,2932.0378
2019-06-27,2924.919921875,2925.4387
2019-06-28,2941.760009765625,2923.3906
2019-07-01,2964.330078125,2927.6116
2019-07-02,2973.010009765625,2938.2866
2019-07-03,2995.820068359375,2949.7695
2019-07-05,2990.409912109375,2964.46
2019-07-08,2975.949951171875,2974.116
2019-07-09,2979.6298828125,2975.9692
2019-07-10,2993.070068359375,2976.5913
2019-07-11,2999.909912109375,2980.4116
2019-07-12,3013.77001953125,2985.7297
2019-07-15,3014.300048828125,2993.728
2019-07-16,3004.0400390625,3000.1982
2019-07-17,2984.419921875,3001.7275
2019-07-18,2995.110107421875,2996.4075
2019-07-19,2976.610107421875,2994.1067
2019-07-22,2985.030029296875,2988.0286
2019-07-23,3005.469970703125,2985.317
2019-07-24,3019.56005859375,2989.7368
2019-07-25,3003.669921875,2998.3406
2019-07-26,3025.860107421875,3001.0747
2019-07-29,3020.969970703125,3007.9
2019-07-30,3013.179931640625,3012.197
2019-07-31,2980.3798828125,3012.606
2019-08-01,2953.56005859375,3003.0413
2019-08-02,2932.050048828125,2986.749
2019-08-05,2844.739990234375,2967.7837
2019-08-06,2881.77001953125,2929.8176
2019-08-07,2883.97998046875,2908.948
2019-08-08,2938.090087890625,2898.231
2019-08-09,2918.64990234375,2907.814
2019-08-12,2882.699951171875,2913.7395
2019-08-13,2926.320068359375,2907.431
2019-08-14,2840.60009765625,2912.0798
2019-08-15,2847.60009765625,2894.0015
2019-08-16,2888.679931640625,2878.181
2019-08-19,2923.64990234375,2878.3286
2019-08-20,2900.510009765625,2891.415
2019-08-21,2924.429931640625,2897.2815
2019-08-22,2922.949951171875,2906.5015
2019-08-23,2847.110107421875,2913.204
2019-08-26,2878.3798828125,2896.62
2019-08-27,2869.159912109375,2888.307
2019-08-28,2887.93994140625,2881.399
2019-08-29,2924.580078125,2882.0356
2019-08-30,2926.4599609375,2894.1846
2019-09-03,2906.27001953125,2905.8997
2019-09-04,2937.780029296875,2908.6987
2019-09-05,2976.0,2917.3574
2019-09-06,2978.7099609375,2935.1194
2019-09-09,2978.429931640625,2950.4792
2019-09-10,2979.389892578125,2960.88
2019-09-11,3000.929931640625,2967.4373
2019-09-12,3009.570068359375,2977.1455
2019-09-13,3007.389892578125,2987.087
2019-09-16,2997.9599609375,2993.693
2019-09-17,3005.699951171875,2995.1597
2019-09-18,3006.72998046875,2997.2769
2019-09-19,3006.7900390625,2999.2373
2019-09-20,2992.070068359375,3000.715
2019-09-23,2991.780029296875,2997.7122
2019-09-24,2966.60009765625,2994.6262
2019-09-25,2984.8701171875,2985.5378
2019-09-26,2977.6201171875,2982.888
2019-09-27,2961.7900390625,2980.386
2019-09-30,2976.739990234375,2974.4148
2019-10-01,2940.25,2973.5625
2019-10-02,2887.610107421875,2964.0154
2019-10-03,2910.6298828125,2941.0115
2019-10-04,2952.010009765625,2928.0005
2019-10-07,2938.7900390625,2932.0854
2019-10-08,2893.06005859375,2935.1313
2019-10-09,2919.39990234375,2924.6892
2019-10-10,2938.1298828125,2921.5107
2019-10-11,2970.27001953125,2925.7227
2019-10-14,2966.14990234375,2939.1204
2019-10-15,2995.679931640625,2949.4878
2019-10-16,2989.68994140625,2964.3174
2019-10-17,2997.949951171875,2974.0479
2019-10-18,2986.199951171875,2982.116
2019-10-21,3006.719970703125,2984.174
2019-10-22,2995.989990234375,2989.963
2019-10-23,3004.52001953125,2991.8867
2019-10-24,3010.2900390625,2994.86
2019-10-25,3022.550048828125,2998.7966
2019-10-28,3039.419921875,3005.2375
2019-10-29,3036.889892578125,3015.0454
2019-10-30,3046.77001953125,3022.1055
2019-10-31,3037.56005859375,3029.3232
2019-11-01,3066.909912109375,3031.9563
2019-11-04,3078.27001953125,3040.958
2019-11-05,3074.6201171875,3051.8145
2019-11-06,3076.780029296875,3059.0203
2019-11-07,3085.179931640625,3064.0159
2019-11-08,3093.080078125,3069.405
2019-11-11,3087.010009765625,3075.5095
2019-11-12,3091.840087890625,3078.384
2019-11-13,3094.0400390625,3081.1384
2019-11-14,3096.6298828125,3083.6982
2019-11-15,3120.4599609375,3086.2476
2019-11-18,3122.030029296875,3094.6667
2019-11-19,3120.179931640625,3102.3586
2019-11-20,3108.4599609375,3107.2563
2019-11-21,3103.5400390625,3106.9402
2019-11-22,3110.2900390625,3104.2705
2019-11-25,3133.639892578125,3103.7278
2019-11-26,3140.52001953125,3110.244
2019-11-27,3153.6298828125,3118.3152
2019-11-29,3140.97998046875,3128.0857
2019-12-02,3113.8701171875,3131.9165
2019-12-03,3093.199951171875,3125.952
2019-12-04,3112.760009765625,3113.9387
2019-12-05,3117.429931640625,3109.468
2019-12-06,3145.909912109375,3109.1638
2019-12-09,3135.9599609375,3117.8042
2019-12-10,3132.52001953125,3123.1487
2019-12-11,3141.6298828125,3125.3977
2019-12-12,3168.570068359375,3128.7974
2019-12-13,3168.800048828125,3138.8137
2019-12-16,3191.449951171875,3147.3633
2019-12-17,3192.52001953125,3159.4153
2019-12-18,3191.139892578125,3168.9517
2019-12-19,3205.3701171875,3174.8315
2019-12-20,3221.219970703125,3182.1326
2019-12-23,3224.010009765625,3191.951
2019-12-24,3223.3798828125,3200.2517
2019-12-26,3239.909912109375,3205.7126
2019-12-27,3240.02001953125,3213.5798
2019-12-30,3221.2900390625,3219.7046
2019-12-31,3230.780029296875,3218.6028
2020-01-02,3257.85009765625,3218.9893
2020-01-03,3234.85009765625,3227.032
2020-01-06,3246.280029296875,3228.0618
2020-01-07,3237.179931640625,3230.644
2020-01-08,3253.050048828125,3230.2588
2020-01-09,3274.699951171875,3233.8184
2020-01-10,3265.35009765625,3243.1428
2020-01-13,3288.1298828125,3248.4363
2020-01-14,3283.14990234375,3257.7246
2020-01-15,3289.2900390625,3263.7126
2020-01-16,3316.81005859375,3269.019
2020-01-17,3329.6201171875,3280.2092
2020-01-21,3320.7900390625,3292.89
2020-01-22,3321.75,3299.8132
2020-01-23,3325.5400390625,3303.8289
2020-01-24,3295.469970703125,3307.0825
2020-01-27,3243.6298828125,3300.9397
2020-01-28,3276.239990234375,3280.4219
2020-01-29,3273.39990234375,3271.939
2020-01-30,3283.659912109375,3267.5786
2020-01-31,3225.52001953125,3268.421
2020-02-03,3248.919921875,3254.1597
2020-02-04,3297.590087890625,3247.4958
2020-02-05,3334.68994140625,3257.6099
2020-02-06,3345.780029296875,3278.5535
2020-02-07,3327.7099609375,3298.8052
2020-02-10,3352.090087890625,3308.0134
2020-02-11,3357.75,3318.869
2020-02-12,3379.449951171875,3328.2349
2020-02-13,3373.93994140625,3340.531
2020-02-14,3380.159912109375,3348.279
2020-02-18,3370.2900390625,3354.6006
2020-02-19,3386.14990234375,3356.0396
2020-02-20,3373.22998046875,3360.4954
2020-02-21,3337.75,3360.7153
2020-02-24,3225.889892578125,3350.3284
2020-02-25,3128.2099609375,3309.99
2020-02-26,3116.389892578125,3248.4263
2020-02-27,2978.760009765625,3197.0542
2020-02-28,2954.219970703125,3124.881
2020-03-02,3090.22998046875,3062.9429
2020-03-03,3003.3701171875,3058.3044
2020-03-04,3130.1201171875,3043.3215
2020-03-05,3023.93994140625,3065.8123
2020-03-06,2972.3701171875,3060.0588
2020-03-09,2746.56005859375,3035.8792
2020-03-10,2882.22998046875,2952.283
2020-03-11,2741.3798828125,2916.869
2020-03-12,2480.639892578125,2862.6252
2020-03-13,2711.02001953125,2749.4133
2020-03-16,2386.1298828125,2718.2295
2020-03-17,2529.18994140625,2624.885
2020-03-18,2398.10009765625,2583.967
2020-03-19,2409.389892578125,2529.9033
2020-03-20,2304.919921875,2491.4878
2020-03-23,2237.39990234375,2438.735
2020-03-24,2447.330078125,2379.2188
2020-03-25,2475.56005859375,2390.8276
2020-03-26,2630.070068359375,2422.3489
2020-03-27,2541.469970703125,2491.3342
2020-03-30,2626.64990234375,2524.7458
2020-03-31,2584.590087890625,2563.4558
2020-04-01,2470.5,2580.0667
2020-04-02,2526.89990234375,2555.7598
2020-04-03,2488.64990234375,2544.1553
2020-04-06,2663.679931640625,2527.9543
2020-04-07,2659.409912109375,2562.9888
2020-04-08,2749.97998046875,2598.4517
2020-04-09,2789.820068359375,2649.0667
2020-04-13,2761.6298828125,2699.4543
2020-04-14,2846.06005859375,2727.7742
2020-04-15,2783.360107421875,2766.147
2020-04-16,2799.550048828125,2778.4167
2020-04-17,2874.56005859375,2786.0974
2020-04-20,2823.159912109375,2811.008
2020-04-21,2736.56005859375,2818.6567
2020-04-22,2799.31005859375,2797.142
2020-04-23,2797.800048828125,2792.7124
2020-04-24,2836.739990234375,2792.8523
2020-04-27,2878.47998046875,2805.022
2020-04-28,2863.389892578125,2827.978
2020-04-29,2939.510009765625,2842.7969
2020-04-30,2912.429931640625,2872.596
2020-05-01,2830.7099609375,2889.5771
2020-05-04,2842.739990234375,2876.7014
2020-05-05,2868.43994140625,2864.3203
2020-05-06,2848.419921875,2862.4358
2020-05-07,2881.18994140625,2858.032
2020-05-08,2929.800048828125,2863.5671
2020-05-11,2930.18994140625,2883.0413
2020-05-12,2870.1201171875,2900.1763
2020-05-13,2820.0,2895.5737
2020-05-14,2852.5,2873.8977
2020-05-15,2863.699951171875,2863.489
2020-05-18,2953.909912109375,2861.4653
2020-05-19,2922.93994140625,2886.724
2020-05-20,2971.610107421875,2902.23
2020-05-21,2948.510009765625,2924.7634
2020-05-22,2955.449951171875,2935.81
2020-05-26,2991.77001953125,2943.1226
2020-05-27,3036.1298828125,2957.3403
2020-05-28,3029.72998046875,2981.0725
2020-05-29,3044.31005859375,2998.315
2020-06-01,3055.72998046875,3013.3215
2020-06-02,3080.820068359375,3026.6206
2020-06-03,3122.8701171875,3042.6404
2020-06-04,3112.35009765625,3066.2253
2020-06-05,3193.929931640625,3081.7947
2020-06-08,3232.389892578125,3113.7825
2020-06-09,3207.179931640625,3150.5286
2020-06-10,3190.139892578125,3170.872
2020-06-11,3002.10009765625,3177.2856
2020-06-12,3041.31005859375,3127.0996
2020-06-15,3066.590087890625,3090.5325
2020-06-16,3124.739990234375,3074.043
2020-06-17,3113.489990234375,3083.0237
2020-06-18,3115.340087890625,3092.138
2020-06-19,3097.739990234375,3099.5366
2020-06-22,3117.860107421875,3099.5896
2020-06-23,3131.2900390625,3103.5554
2020-06-24,3050.330078125,3110.7524
2020-06-25,3083.760009765625,3094.2625
2020-06-26,3009.050048828125,3086.7913
2020-06-29,3053.239990234375,3062.5918
2020-06-30,3100.2900390625,3054.162
2020-07-01,3115.860107421875,3064.2903
2020-07-02,3130.010009765625,3079.8638
2020-07-06,3179.719970703125,3096.1174
2020-07-07,3145.320068359375,3121.442
2020-07-08,3169.93994140625,3131.7205
2020-07-09,3152.050048828125,3142.627
2020-07-10,3185.0400390625,3145.328
2020-07-13,3155.219970703125,3154.6047
2020-07-14,3197.52001953125,3154.2815
2020-07-15,3226.56005859375,3163.8352
2020-07-16,3215.570068359375,3180.6423
2020-07-17,3224.72998046875,3191.2134
2020-07-20,3251.840087890625,3200.0662
2020-07-21,3257.300048828125,3213.4346
2020-07-22,3276.02001953125,3225.3804
2020-07-23,3235.659912109375,3238.8176
2020-07-24,3215.6298828125,3237.5461
2020-07-27,3239.409912109375,3228.1672
2020-07-28,3218.43994140625,3226.3381
2020-07-29,3258.43994140625,3220.856
2020-07-30,3246.219970703125,3227.4639
2020-07-31,3271.1201171875,3231.338
2020-08-03,3294.610107421875,3240.5896
2020-08-04,3306.510009765625,3254.7358
2020-08-05,3327.77001953125,3269.1094
2020-08-06,3349.159912109375,3285.239
2020-08-07,3351.280029296875,3302.8997
2020-08-10,3360.469970703125,3316.2893
2020-08-11,3333.68994140625,3327.4314
2020-08-12,3380.35009765625,3327.4153
2020-08-13,3373.429931640625,3338.042
2020-08-14,3372.85009765625,3345.7756
2020-08-17,3381.989990234375,3350.71
2020-08-18,3389.780029296875,3356.215
2020-08-19,3374.85009765625,3362.4355
2020-08-20,3385.510009765625,3362.9468
2020-08-21,3397.159912109375,3365.1875
2020-08-24,3431.280029296875,3370.364
2020-08-25,3443.6201171875,3384.1577
2020-08-26,3478.72998046875,3399.1658
2020-08-27,3484.550048828125,3419.863
2020-08-28,3508.010009765625,3437.2598
2020-08-31,3500.31005859375,3455.425
2020-09-01,3526.64990234375,3466.222
2020-09-02,3580.840087890625,3479.6758
2020-09-03,3455.06005859375,3504.6782
2020-09-04,3426.9599609375,3489.8743
2020-09-08,3331.840087890625,3463.8923
2020-09-09,3398.9599609375,3416.6736
2020-09-10,3339.18994140625,3397.6855
2020-09-11,3340.969970703125,3373.479
2020-09-14,3383.5400390625,3356.3682
2020-09-15,3401.199951171875,3357.55
2020-09-16,3385.489990234375,3367.1099
2020-09-17,3357.010009765625,3371.3782
2020-09-18,3319.469970703125,3365.3994
2020-09-21,3281.06005859375,3348.4866
2020-09-22,3315.570068359375,3323.4436
2020-09-23,3236.919921875,3313.3987
2020-09-24,3246.590087890625,3287.5256
2020-09-25,3298.4599609375,3268.802
2020-09-28,3351.60009765625,3271.1174
2020-09-29,3335.469970703125,3291.7952
2020-09-30,3363.0,3305.8801
2020-10-01,3380.800048828125,3322.1316
2020-10-02,3348.419921875,3338.7087
2020-10-05,3408.60009765625,3341.3835
2020-10-06,3360.969970703125,3356.94
2020-10-07,3419.43994140625,3357.1558
2020-10-08,3446.830078125,3370.4707
2020-10-09,3477.139892578125,3389.9602
2020-10-12,3534.219970703125,3413.5486
2020-10-13,3511.929931640625,3446.9316
2020-10-14,3488.669921875,3466.339
2020-10-15,3483.340087890625,3470.871
2020-10-16,3483.81005859375,3469.457
2020-10-19,3426.919921875,3467.3132
2020-10-20,3443.1201171875,3449.9995
2020-10-21,3435.56005859375,3439.3962
2020-10-22,3453.489990234375,3431.2034
2020-10-23,3465.389892578125,3431.144
2020-10-26,3400.969970703125,3436.218
2020-10-27,3390.679931640625,3423.1912
2020-10-28,3271.030029296875,3407.5872
2020-10-29,3310.110107421875,3362.793
2020-10-30,3269.9599609375,3336.023
2020-11-02,3310.239990234375,3309.4104
2020-11-03,3369.159912109375,3302.0195
2020-11-04,3443.43994140625,3317.0168
2020-11-05,3510.449951171875,3352.8918
2020-11-06,3509.43994140625,3401.1343
2020-11-09,3550.5,3437.3853
2020-11-10,3545.530029296875,3471.719
2020-11-11,3572.659912109375,3493.7322
2020-11-12,3537.010009765625,3514.0752
2020-11-13,3585.14990234375,3517.9749
2020-11-16,3626.909912109375,3530.787
2020-11-17,3609.530029296875,3553.1138
2020-11-18,3567.7900390625,3566.1995
2020-11-19,3581.8701171875,3562.278
2020-11-20,3557.5400390625,3560.0857
2020-11-23,3577.590087890625,3552.131
2020-11-24,3635.409912109375,3551.176
2020-11-25,3629.64990234375,3568.0747
2020-11-27,3638.35009765625,3582.1934
2020-11-30,3621.6298828125,3594.3093
2020-12-01,3662.449951171875,3597.8052
2020-12-02,3669.010009765625,3609.875
2020-12-03,3666.719970703125,3621.8179
2020-12-04,3699.1201171875,3629.704
2020-12-07,3691.9599609375,3643.4778
2020-12-08,3702.25,3652.3303
2020-12-09,3672.820068359375,3660.5579
2020-12-10,3668.10009765625,3658.04
2020-12-11,3663.4599609375,3652.901
2020-12-14,3647.489990234375,3647.4414
2020-12-15,3694.6201171875,3639.192
2020-12-16,3701.169921875,3646.0327
2020-12-17,3722.47998046875,3655.7131
2020-12-18,3709.409912109375,3669.248
2020-12-21,3694.919921875,3675.9397
2020-12-22,3687.260009765625,3675.2996
2020-12-23,3690.010009765625,3671.1768
2020-12-24,3703.06005859375,3668.2756
2020-12-28,3735.360107421875,3670.0986
2020-12-29,3727.0400390625,3681.3499
2020-12-30,3732.0400390625,3688.9036
2020-12-31,3756.070068359375,3695.0022
2021-01-04,3700.64990234375,3705.6204
2021-01-05,3726.860107421875,3698.5535
2021-01-06,3748.139892578125,3697.4558
2021-01-07,3803.7900390625,3703.5735
2021-01-08,3824.679931640625,3724.8757
2021-01-11,3799.610107421875,3748.7483
2021-01-12,3801.18994140625,3759.223
2021-01-13,3809.840087890625,3764.3896
2021-01-14,3795.5400390625,3769.191
2021-01-15,3768.25,3768.477
2021-01-19,3798.909912109375,3759.3872
2021-01-20,3851.85009765625,3759.919
2021-01-21,3853.070068359375,3776.891
2021-01-22,3841.469970703125,3792.5745
2021-01-25,3855.360107421875,3800.364
2021-01-26,3849.6201171875,3808.1445
2021-01-27,3750.77001953125,3811.9048
2021-01-28,3787.3798828125,3786.3245
2021-01-29,3714.239990234375,3772.8552
2021-02-01,3773.860107421875,3745.1797
2021-02-02,3826.31005859375,3739.835
2021-02-03,3830.169921875,3754.9712
2021-02-04,3871.739990234375,3771.0344
2021-02-05,3886.830078125,3794.2837
2021-02-08,3915.590087890625,3816.0874
2021-02-09,3911.22998046875,3839.0396
2021-02-10,3909.8798828125,3853.9763
2021-02-11,3916.3798828125,3862.4255
2021-02-12,3934.830078125,3868.7458
2021-02-16,3932.590087890625,3877.8254
2021-02-17,3931.330078125,3884.1375
2021-02-18,3913.969970703125,3887.808
2021-02-19,3906.7099609375,3885.1145
2021-02-22,3876.5,3880.067
2021-02-23,3881.3701171875,3867.7246
2021-02-24,3925.429931640625,3859.1318
2021-02-25,3829.340087890625,3866.1226
2021-02-26,3811.14990234375,3847.4844
2021-03-01,3901.820068359375,3824.7058
2021-03-02,3870.2900390625,3832.843
2021-03-03,3819.719970703125,3835.772
2021-03-04,3768.469970703125,3823.1897
2021-03-05,3841.93994140625,3797.0227
2021-03-08,3821.35009765625,3796.194
2021-03-09,3875.43994140625,3794.6287
2021-03-10,3898.81005859375,3808.7383
2021-03-11,3939.340087890625,3828.1045
2021-03-12,3943.340087890625,3854.0566
2021-03-15,3968.93994140625,3874.5425
2021-03-16,3962.7099609375,3894.8772
2021-03-17,3974.1201171875,3907.142
2021-03-18,3915.4599609375,3917.263
2021-03-19,3913.10009765625,3907.4949
2021-03-22,3940.590087890625,3896.2021
2021-03-23,3910.52001953125,3895.4985
2021-03-24,3889.139892578125,3888.8267
2021-03-25,3909.52001953125,3877.3691
2021-03-26,3974.5400390625,3874.1423
2021-03-29,3971.090087890625,3891.5945
2021-03-30,3958.550048828125,3907.0198
2021-03-31,3972.889892578125,3914.2178
2021-04-01,4019.8701171875,3921.5854
2021-04-05,4077.909912109375,3939.6777
2021-04-06,4073.93994140625,3970.5093
2021-04-07,4079.949951171875,3993.5066
2021-04-08,4097.169921875,4009.875
2021-04-09,4128.7998046875,4024.6914
2021-04-12,4127.990234375,4043.4575
2021-04-13,4141.58984375,4057.1143
2021-04-14,4124.66015625,4069.6006
2021-04-15,4170.419921875,4073.417
2021-04-16,4185.47021484375,4087.2861
2021-04-19,4163.259765625,4103.0767
2021-04-20,4134.93994140625,4108.5557
2021-04-21,4173.419921875,4102.712
2021-04-22,4134.97998046875,4107.1963
2021-04-23,4180.169921875,4101.5625
2021-04-26,4187.6201171875,4108.5996
2021-04-27,4186.72021484375,4117.9644
2021-04-28,4183.18017578125,4124.962
2021-04-29,4211.47021484375,4128.512
2021-04-30,4181.169921875,4138.2188
2021-05-03,4192.66015625,4137.695
2021-05-04,4164.66015625,4138.73
2021-05-05,4167.58984375,4131.8525
2021-05-06,4201.6201171875,4126.4644
2021-05-07,4232.60009765625,4132.4146
2021-05-10,4188.43017578125,4147.402
2021-05-11,4152.10009765625,4147.452
2021-05-12,4063.0400390625,4134.7124
2021-05-13,4112.5,4098.45
2021-05-14,4173.85009765625,4082.344
2021-05-17,4163.2900390625,4091.735
2021-05-18,4127.830078125,4100.5415
2021-05-19,4115.68017578125,4097.093
2021-05-20,4159.1201171875,4088.9307
2021-05-21,4155.85986328125,4094.1782
2021-05-24,4197.0498046875,4099.332
2021-05-25,4188.1298828125,4114.507
2021-05-26,4195.990234375,4124.4233
2021-05-27,4200.8798828125,4132.5938
2021-05-28,4204.10986328125,4139.1704
2021-06-01,4202.0400390625,4144.2764
2021-06-02,4208.1201171875,4146.9424
2021-06-03,4192.85009765625,4150.0244
2021-06-04,4229.89013671875,4148.0005
2021-06-07,4226.52001953125,4155.996
2021-06-08,4227.259765625,4162.492
2021-06-09,4219.5498046875,4167.1367
2021-06-10,4239.18017578125,4167.8975
2021-06-11,4247.43994140625,4173.1685
2021-06-14,4255.14990234375,4179.966
2021-06-15,4246.58984375,4187.2324
2021-06-16,4223.7001953125,4190.053
2021-06-17,4221.85986328125,4184.85
2021-06-18,4166.4501953125,4179.187
2021-06-21,4224.7900390625,4159.681
2021-06-22,4246.43994140625,4159.8
2021-06-23,4241.83984375,4169.4688
2021-06-24,4266.490234375,4177.0566
2021-06-25,4280.7001953125,4188.9595
2021-06-28,4290.60986328125,4201.939
2021-06-29,4291.7998046875,4213.9365
2021-06-30,4297.5,4222.3926
2021-07-01,4319.93994140625,4229.1465
2021-07-02,4352.33984375,4239.704
2021-07-06,4343.5400390625,4256.7583
2021-07-07,4358.1298828125,4267.455
2021-07-08,4320.81982421875,4277.895
2021-07-09,4369.5498046875,4274.6665
2021-07-12,4384.6298828125,4283.501
2021-07-13,4369.2099609375,4295.9556
2021-07-14,4374.2998046875,4301.259
2021-07-15,4360.02978515625,4305.1777
2021-07-16,4327.16015625,4303.6436
2021-07-19,4258.490234375,4292.488
2021-07-20,4323.06005859375,4263.879
2021-07-21,4358.68994140625,4258.6895
2021-07-22,4367.47998046875,4269.213
2021-07-23,4411.7900390625,4282.3433
2021-07-26,4422.2998046875,4304.551
2021-07-27,4401.4599609375,4324.568
2021-07-28,4400.64013671875,4332.3047
2021-07-29,4419.14990234375,4335.0596
2021-07-30,4395.259765625,4340.964
2021-08-02,4387.16015625,4338.923
2021-08-03,4423.14990234375,4333.8853
2021-08-04,4402.66015625,4339.8013
2021-08-05,4429.10009765625,4340.268
2021-08-06,4436.52001953125,4347.191
2021-08-09,4432.35009765625,4355.2314
2021-08-10,4436.75,4359.9946
2021-08-11,4442.41015625,4363.968
2021-08-12,4460.830078125,4368.1255
2021-08-13,4468.0,4376.181
2021-08-16,4479.7099609375,4384.5107
2021-08-17,4448.080078125,4393.682
2021-08-18,4400.27001953125,4391.4277
2021-08-19,4405.7998046875,4374.519
2021-08-20,4441.669921875,4361.5176
2021-08-23,4479.52978515625,4363.047
2021-08-24,4486.22998046875,4377.466
2021-08-25,4496.18994140625,4391.9873
2021-08-26,4470.0,4405.05
2021-08-27,4509.3701171875,4406.514
2021-08-30,4528.7900390625,4416.2837
2021-08-31,4522.68017578125,4429.77
2021-09-01,4524.08984375,4438.2173
2021-09-02,4536.9501953125,4443.611
2021-09-03,4535.43017578125,4450.3086
2021-09-07,4520.02978515625,4454.7524
2021-09-08,4514.06982421875,4453.217
2021-09-09,4493.27978515625,4449.4443
2021-09-10,4458.580078125,4440.6357
2021-09-13,4468.72998046875,4424.031
2021-09-14,4443.0498046875,4413.948
2021-09-15,4480.7001953125,4400.995
2021-09-16,4473.75,4402.146
2021-09-17,4432.990234375,4403.608
2021-09-20,4357.72998046875,4393.5723
2021-09-21,4354.18994140625,4363.5684
2021-09-22,4395.64013671875,4337.8926
2021-09-23,4448.97998046875,4332.0713
2021-09-24,4455.47998046875,4346.5957
2021-09-27,4443.10986328125,4362.5063
2021-09-28,4352.6298828125,4370.561
2021-09-29,4359.4599609375,4349.403
2021-09-30,4307.5400390625,4330.975
2021-10-01,4357.0400390625,4303.713
2021-10-04,4300.4599609375,4296.937
2021-10-05,4345.72021484375,4280.175
2021-10-06,4363.5498046875,4279.589
2021-10-07,4399.759765625,4286.965
2021-10-08,4391.33984375,4303.8066
2021-10-11,4361.18994140625,4314.9136
2021-10-12,4350.64990234375,4313.1685
2021-10-13,4363.7998046875,4306.418
2021-10-14,4438.259765625,4304.1655
2021-10-15,4471.3701171875,4324.028
2021-10-18,4486.4599609375,4351.165
2021-10-19,4519.6298828125,4375.8276
2021-10-20,4536.18994140625,4401.7427
2021-10-21,4549.77978515625,4424.422
2021-10-22,4544.89990234375,4443.2837
2021-10-25,4566.47998046875,4454.2334
2021-10-26,4574.7900390625,4466.356
2021-10-27,4551.68017578125,4477.2456
2021-10-28,4596.419921875,4478.2866
2021-10-29,4605.3798828125,4489.794
2021-11-01,4613.669921875,4502.1646
2021-11-02,4630.64990234375,4513.5093
2021-11-03,4660.56982421875,4526.05
2021-11-04,4680.06005859375,4543.358
2021-11-05,4697.52978515625,4561.722
2021-11-08,4701.7001953125,4579.6226
2021-11-09,4685.25,4593.1587
2021-11-10,4646.7099609375,4597.2266
2021-11-11,4649.27001953125,4587.6606
2021-11-12,4682.85009765625,4579.287
2021-11-15,4682.7998046875,4582.981
2021-11-16,4700.89990234375,4587.882
2021-11-17,4688.669921875,4596.858
2021-11-18,4704.5400390625,4600.5225
2021-11-19,4697.9599609375,4606.635
2021-11-22,4682.93994140625,4609.4277
2021-11-23,4690.7001953125,4606.6655
2021-11-24,4701.4599609375,4605.905
2021-11-26,4594.6201171875,4608.6816
2021-11-29,4655.27001953125,4581.6567
2021-11-30,4567.0,4574.588
2021-12-01,4513.0400390625,4548.371
2021-12-02,4577.10009765625,4512.2056
2021-12-03,4538.43017578125,4502.9526
2021-12-06,4591.669921875,4490.5737
2021-12-07,4686.75,4496.6836
2021-12-08,4701.2099609375,4530.5947
2021-12-09,4667.4501953125,4563.2407
2021-12-10,4712.02001953125,4576.4194
2021-12-13,4668.97021484375,4594.141
2021-12-14,4634.08984375,4594.721
2021-12-15,4709.85009765625,4582.306
2021-12-16,4668.669921875,4592.1353
2021-12-17,4620.64013671875,4591.326
2021-12-20,4568.02001953125,4575.964
2021-12-21,4649.22998046875,4548.0576
2021-12-22,4696.56005859375,4548.924
2021-12-23,4725.7900390625,4567.778
2021-12-27,4791.18994140625,4592.71
2021-12-28,4786.35009765625,4629.482
2021-12-29,4793.06005859375,4655.647
2021-12-30,4778.72998046875,4673.7275
2021-12-31,4766.18017578125,4680.503
2022-01-03,4796.56005859375,4679.5015
2022-01-04,4793.5400390625,4685.71
2022-01-05,4700.580078125,4690.4175
2022-01-06,4696.0498046875,4667.8735
2022-01-07,4677.02978515625,4646.352
2022-01-10,4670.2900390625,4626.1323
2022-01-11,4713.06982421875,4610.7344
2022-01-12,4726.35009765625,4613.0366
2022-01-13,4659.02978515625,4621.6772
2022-01-14,4662.85009765625,4610.416
2022-01-18,4577.10986328125,4600.2114
2022-01-19,4532.759765625,4569.168
2022-01-20,4482.72998046875,4531.6226
2022-01-21,4397.93994140625,4490.244
2022-01-24,4410.1298828125,4437.266
2022-01-25,4356.4501953125,4401.7974
2022-01-26,4349.93017578125,4365.3037
2022-01-27,4326.509765625,4338.2153
2022-01-28,4431.85009765625,4314.4995
2022-01-31,4515.5498046875,4327.897
2022-02-01,4546.5400390625,4367.1113
2022-02-02,4589.3798828125,4407.8857
2022-02-03,4477.43994140625,4448.294
2022-02-04,4500.52978515625,4444.6187
2022-02-07,4483.8701171875,4440.0503
2022-02-08,4521.5400390625,4431.163
2022-02-09,4587.18017578125,4434.5913
2022-02-10,4504.080078125,4457.4414
2022-02-11,4418.64013671875,4453.9575
2022-02-14,4401.669921875,4423.364
2022-02-15,4471.06982421875,4392.1587
2022-02-16,4475.009765625,4389.3804
2022-02-17,4380.259765625,4393.8984
2022-02-18,4348.8701171875,4372.585
2022-02-22,4304.759765625,4344.502
2022-02-23,4225.5,4311.1055
2022-02-24,4288.7001953125,4264.7993
2022-02-25,4384.64990234375,4247.736
2022-02-28,4373.93994140625,4267.8047
2022-03-01,4306.259765625,4286.051
2022-03-02,4386.5400390625,4279.9507
2022-03-03,4363.490234375,4293.257
2022-03-04,4328.8701171875,4299.046
2022-03-07,4201.08984375,4292.1143
2022-03-08,4170.7001953125,4249.139
2022-03-09,4277.8798828125,4203.8403
2022-03-10,4259.52001953125,4201.145
2022-03-11,4204.31005859375,4202.148
2022-03-14,4173.10986328125,4188.8535
2022-03-15,4262.4501953125,4168.263
2022-03-16,4357.85986328125,4177.098
2022-03-17,4411.669921875,4215.099
2022-03-18,4463.1201171875,4262.25
2022-03-21,4461.18017578125,4311.245
2022-03-22,4511.60986328125,4344.905
2022-03-23,4456.240234375,4379.214
2022-03-24,4520.16015625,4387.2983
2022-03-25,4543.06005859375,4405.8135
2022-03-28,4575.52001953125,4426.596
2022-03-29,4631.60009765625,4450.739
2022-03-30,4602.4501953125,4483.89
2022-03-31,4530.41015625,4500.603
2022-04-01,4545.85986328125,4489.4805
2022-04-04,4582.64013671875,4480.974
2022-04-05,4525.1201171875,4485.595
2022-04-06,4481.14990234375,4475.521
2022-04-07,4500.2099609375,4454.146
2022-04-08,4488.27978515625,4442.595
2022-04-11,4412.52978515625,4433.0977
2022-04-12,4397.4501953125,4406.1694
2022-04-13,4446.58984375,4380.2905
2022-04-14,4392.58984375,4376.0054
2022-04-18,4391.68994140625,4362.044
2022-04-19,4462.2099609375,4350.6714
2022-04-20,4459.4501953125,4362.6636
2022-04-21,4393.66015625,4374.443
2022-04-22,4271.77978515625,4364.4917
2022-04-25,4296.1201171875,4319.5493
2022-04-26,4175.2001953125,4288.1978
2022-04-27,4183.9599609375,4234.719
2022-04-28,4287.5,4196.079
2022-04-29,4131.93017578125,4200.453
2022-05-02,4155.3798828125,4168.476
2022-05-03,4175.47998046875,4146.4985
2022-05-04,4300.169921875,4137.945
2022-05-05,4146.8701171875,4169.142
2022-05-06,4123.33984375,4155.624
2022-05-09,3991.239990234375,4131.587
2022-05-10,4001.050048828125,4075.2065
2022-05-11,3935.179931640625,4032.1587
2022-05-12,3930.080078125,3985.7795
2022-05-13,4023.889892578125,3951.499
2022-05-16,4008.010009765625,3955.8516
2022-05-17,4088.85009765625,3961.947
2022-05-18,3923.679931640625,3989.3696
2022-05-19,3900.7900390625,3966.3613
2022-05-20,3901.360107421875,3934.2375
2022-05-23,3973.75,3909.1877
2022-05-24,3941.47998046875,3912.8376
2022-05-25,3978.72998046875,3911.9397
2022-05-26,4057.840087890625,3921.0767
2022-05-27,4158.240234375,3951.1868
2022-05-31,4132.14990234375,4004.1533
2022-06-01,4101.22998046875,4038.2983
2022-06-02,4176.81982421875,4049.986
2022-06-03,4108.5400390625,4074.438
2022-06-06,4121.43017578125,4074.4863
2022-06-07,4160.68017578125,4073.6763
2022-06-08,4115.77001953125,4083.6353
2022-06-09,4017.820068359375,4080.274
2022-06-10,3900.860107421875,4048.513
2022-06-13,3749.6298828125,3988.4756
2022-06-14,3735.47998046875,3898.9905
2022-06-15,3789.989990234375,3826.672
2022-06-16,3666.77001953125,3794.3115
2022-06-17,3674.840087890625,3745.6697
2022-06-21,3764.7900390625,3711.2441
2022-06-22,3759.889892578125,3714.494
2022-06-23,3795.72998046875,3722.7563
2022-06-24,3911.739990234375,3739.6333
2022-06-27,3900.110107421875,3785.0122
2022-06-28,3821.550048828125,3818.759
2022-06-29,3818.830078125,3818.1492
2022-06-30,3785.3798828125,3809.6921
2022-07-01,3825.330078125,3792.1978
2022-07-05,3831.389892578125,3789.059
2022-07-06,3845.080078125,3791.238
2022-07-07,3902.6201171875,3797.8557
2022-07-08,3899.3798828125,3819.4717
2022-07-11,3854.429931640625,3836.703
2022-07-12,3818.800048828125,3835.5945
2022-07-13,3801.780029296875,3821.267
2022-07-14,3790.3798828125,3803.693
2022-07-15,3863.159912109375,3787.471
2022-07-18,3830.85009765625,3796.655
2022-07-19,3936.68994140625,3799.194
2022-07-20,3959.89990234375,3829.4963
2022-07-21,3998.949951171875,3862.476
2022-07-22,3961.6298828125,3897.2285
2022-07-25,3966.840087890625,3911.407
2022-07-26,3921.050048828125,3918.708
2022-07-27,4023.610107421875,3909.4265
2022-07-28,4072.429931640625,3928.2148
2022-07-29,4130.2900390625,3960.2395
2022-08-01,4118.6298828125,4001.771
2022-08-02,4091.18994140625,4029.594
2022-08-03,4155.169921875,4038.9116
2022-08-04,4151.93994140625,4059.5469
2022-08-05,4145.18994140625,4075.0303
2022-08-08,4140.06005859375,4083.2776
2022-08-09,4122.47021484375,4086.3352
2022-08-10,4210.240234375,4082.6807
2022-08-11,4207.27001953125,4103.4253
2022-08-12,4280.14990234375,4121.7876
2022-08-15,4297.14013671875,4154.938
2022-08-16,4305.2001953125,4185.613
2022-08-17,4274.0400390625,4209.0044
2022-08-18,4283.740234375,4215.2476
2022-08-19,4228.47998046875,4219.0425
2022-08-22,4137.990234375,4205.7217
2022-08-23,4128.72998046875,4168.2383
2022-08-24,4140.77001953125,4135.0273
2022-08-25,4199.1201171875,4115.9546
2022-08-26,4057.659912109375,4121.889
2022-08-29,4030.610107421875,4091.8013
2022-08-30,3986.159912109375,4056.9756
2022-08-31,3955.0,4018.9253
2022-09-01,3966.85009765625,3983.0193
2022-09-02,3924.260009765625,3961.5957
2022-09-06,3908.18994140625,3937.5488
2022-09-07,3979.8701171875,3915.8784
2022-09-08,4006.179931640625,3920.9111
2022-09-09,4067.360107421875,3936.7065
2022-09-12,4110.41015625,3966.9475
2022-09-13,3932.68994140625,4002.6553
2022-09-14,3946.010009765625,3979.0212
2022-09-15,3901.35009765625,3954.652
2022-09-16,3873.330078125,3924.0437
2022-09-19,3899.889892578125,3893.6074
2022-09-20,3855.929931640625,3879.7075
2022-09-21,3789.929931640625,3861.0374
2022-09-22,3757.989990234375,3828.9854
2022-09-23,3693.22998046875,3795.0046
2022-09-26,3655.0400390625,3752.6196
2022-09-27,3647.2900390625,3710.5881
2022-09-28,3719.0400390625,3678.8352
2022-09-29,3640.469970703125,3678.3833
2022-09-30,3585.6201171875,3662.4326
2022-10-03,3678.429931640625,3633.1543
2022-10-04,3790.929931640625,3635.204
2022-10-05,3783.280029296875,3673.6387
2022-10-06,3744.52001953125,3705.8267
2022-10-07,3639.659912109375,3716.5383
2022-10-10,3612.389892578125,3690.2727
2022-10-11,3588.840087890625,3656.4387
2022-10-12,3577.030029296875,3624.0464
2022-10-13,3669.909912109375,3598.2146
2022-10-14,3583.070068359375,3607.214
2022-10-17,3677.949951171875,3596.533
2022-10-18,3719.97998046875,3611.8572
2022-10-19,3695.159912109375,3639.1335
2022-10-20,3665.780029296875,3653.9653
2022-10-21,3752.75,3653.7383
2022-10-24,3797.340087890625,3674.4136
2022-10-25,3859.110107421875,3705.1514
2022-10-26,3830.60009765625,3746.074
2022-10-27,3807.300048828125,3768.9053
2022-10-28,3901.06005859375,3774.9456
2022-10-31,3871.97998046875,3801.7007
2022-11-01,3856.10009765625,3816.2483
2022-11-02,3759.68994140625,3820.0293
2022-11-03,3719.889892578125,3793.7795
2022-11-04,3770.550048828125,3758.5283
2022-11-07,3806.800048828125,3745.9592
2022-11-08,3828.110107421875,3751.8188
2022-11-09,3748.570068359375,3766.0066
2022-11-10,3956.3701171875,3755.864
2022-11-11,3992.929931640625,3801.883
2022-11-14,3957.25,3854.9304
2022-11-15,3991.72998046875,3884.1309
2022-11-16,3958.7900390625,3909.4668
2022-11-17,3946.56005859375,3916.8071
2022-11-18,3965.340087890625,3914.9685
2022-11-21,3949.93994140625,3916.9624
2022-11-22,4003.580078125,3914.8447
2022-11-23,4027.260009765625,3927.7493
2022-11-25,4026.1201171875,3946.4016
2022-11-28,3963.93994140625,3960.598
2022-11-29,3957.6298828125,3952.5652
2022-11-30,4080.110107421875,3940.97
2022-12-01,4076.570068359375,3966.0564
2022-12-02,4071.699951171875,3989.7214
2022-12-05,3998.840087890625,4005.221
2022-12-06,3941.260009765625,3994.2307
2022-12-07,3933.919921875,3965.3982
2022-12-08,3963.510009765625,3939.5078
2022-12-09,3934.3798828125,3930.097
2022-12-12,3990.56005859375,3918.8052
2022-12-13,4019.64990234375,3926.5393
2022-12-14,3995.320068359375,3943.738
2022-12-15,3895.75,3951.0515
2022-12-16,3852.360107421875,3926.6287
2022-12-19,3817.659912109375,3891.1746
2022-12-20,3821.6201171875,3854.1238
2022-12-21,3878.43994140625,3828.8562
2022-12-22,3822.389892578125,3829.2795
2022-12-23,3844.820068359375,3819.187
2022-12-27,3829.25,3816.6138
2022-12-28,3783.219970703125,3811.6838
2022-12-29,3849.280029296875,3794.9292
2022-12-30,3839.5,3799.0537
