Close,Predictions,Actual_Pct_Change,Buy_Sell,Buy_Sell_random,Strategy_Pct_Change,Strategy_Pct_Change_random,Cumulative_Strategy_Gain,Cumulative_Random_Gain,Cumulative_Hold_Gain
12698.4501953125,12836.21,,True,False,,,,,
12818.9599609375,12830.043,0.9490116019786887,True,True,0.9490116019786887,0.0,0.009490116019786887,0.0,0.009490116019786887
12740.7900390625,12825.417,-0.6097992513683037,True,False,-0.6097992513683037,-0.6097992513683037,0.0033342528496611568,-0.006097992513683037,0.0033342528496611568
13067.48046875,12812.534,2.5641300789502663,False,True,2.5641300789502663,0.0,0.029061048219390262,-0.006097992513683037,0.029061048219390262
13201.98046875,12833.493,1.0292726308001487,False,True,0.0,1.0292726308001487,0.029061048219390262,0.00413196882634681,0.03965289194293753
13036.4296875,12883.81,-1.2539844430301206,False,False,-0.0,-1.2539844430301206,0.029061048219390262,-0.008459689850227603,0.02661580641646033
13072.4296875,12925.646,0.2761492284541589,False,True,0.0,0.0,0.029061048219390262,-0.008459689850227603,0.029450798045067783
13128.9501953125,12963.464,0.4323642135673156,False,True,0.0,0.4323642135673156,0.029061048219390262,-0.004172624386045598,0.03390177489209778
13112.6396484375,13000.999,-0.12423344313411411,False,False,-0.0,-0.12423344313411411,0.029061048219390262,-0.0054097750224428864,0.0326173231185245
12998.5,13032.07,-0.8704551600417165,True,False,-0.0,-0.0,0.029061048219390262,-0.0054097750224428864,0.023628852345954687
13197.1796875,13043.502,1.5284816517290523,False,True,1.5284816517290523,0.0,0.044790057526514326,-0.0054097750224428864,0.039274831535867305
13457.25,13065.812,1.97065068945248,False,True,0.0,1.97065068945248,0.044790057526514326,0.014190124103304225,0.0597553081688349
13530.91015625,13119.417,0.5473641067082813,False,True,0.0,0.5473641067082813,0.044790057526514326,0.019741436816425928,0.06555602834468677
13543.0595703125,13191.01,0.08979007267215788,False,True,0.0,0.08979007267215788,0.044790057526514326,0.020657063393611397,0.06651279187689996
13635.990234375,13265.681,0.6861866299858299,False,True,0.0,0.6861866299858299,0.044790057526514326,0.02766067570062436,0.07383106006184792
13626.0595703125,13344.267,-0.07282686399603389,False,False,-0.0,-0.07282686399603389,0.044790057526514326,0.02691226265799118,0.0730490225761895
13270.599609375,13414.623,-2.6086775791876904,True,False,-0.0,-0.0,0.044790057526514326,0.02691226265799118,0.045056633310551764
13337.16015625,13432.821,0.5015639747580014,True,True,0.5015639747580014,0.0,0.05003034806692064,0.02691226265799118,0.05029826089905631
13070.6904296875,13430.197,-1.9979495142946724,True,False,-1.9979495142946724,-1.9979495142946724,0.029051271827770897,0.006395074093983322,0.029313831896778275
13403.3896484375,13385.78,2.545383662322376,False,True,2.545383662322376,0.0,0.05524457477779565,0.006395074093983322,0.05551381800790334
13612.7802734375,13362.276,1.5622214267598356,False,True,0.0,1.5622214267598356,0.05524457477779565,0.02211719357933495,0.07200328103523357
13610.5400390625,13373.844,-0.01645684665440017,False,False,-0.0,-0.01645684665440017,0.05524457477779565,0.02194898532015932,0.07182686309914343
13777.740234375,13401.862,1.2284611399153267,False,True,0.0,0.0,0.05524457477779565,0.02194898532015932,0.0849938395994898
13856.2998046875,13454.834,0.5701919834175451,False,True,0.0,0.5701919834175451,0.05524457477779565,0.02777605650907189,0.09118038749346025
13987.6396484375,13523.498,0.9478709727799739,False,True,0.0,0.9478709727799739,0.05524457477779565,0.037518047413904076,0.1015233696471789
14007.7001953125,13607.606,0.14341624018918697,False,True,0.0,0.14341624018918697,0.05524457477779565,0.039006016788789344,0.1031031330487322
13972.5302734375,13692.367,-0.251075632577924,False,False,-0.0,-0.251075632577924,0.05524457477779565,0.036397325859614194,0.10033350987944312
14025.76953125,13764.095,0.3810280369455299,False,True,0.0,0.0,0.05524457477779565,0.036397325859614194,0.10452608905199057
14095.4697265625,13826.976,0.4969438229909917,False,True,0.0,0.4969438229909917,0.05524457477779565,0.04154763835211739,0.11001496322485838
14047.5,13885.4375,-0.34032017018987837,False,False,-0.0,-0.34032017018987837,0.05524457477779565,0.03800304165666879,0.1062373584128784
13965.490234375,13929.02,-0.5838032790532077,False,False,-0.0,-0.0,0.05524457477779565,0.03800304165666879,0.09977910844035254
13865.3603515625,13950.654,-0.7169807943156803,True,False,-0.0,-0.0,0.05524457477779565,0.03800304165666879,0.09189390345293891
13874.4599609375,13947.069,0.06562836554027118,True,True,0.06562836554027118,0.0,0.05593711454467476,0.03800304165666879,0.09261049557520895
13533.0498046875,13931.673,-2.460709513820458,True,False,-2.460709513820458,-2.460709513820458,0.0299535695071127,0.012460802056877496,0.065724525161589
13465.2001953125,13872.845,-0.5013622971482667,True,False,-0.5013622971482667,-0.0,0.024789770631471253,0.012460802056877496,0.06038138420096639
13597.9697265625,13791.492,0.9860197347546285,True,True,0.9860197347546285,0.0,0.03489440000964428,0.012460802056877496,0.07083695391285216
13119.4296875,13721.929,-3.5192021212380853,True,False,-3.5192021212380853,-3.5192021212380853,-0.0015256256680692415,-0.023169739965812286,0.03315203711574988
13192.349609375,13611.68,0.5558162482053319,True,True,0.5558162482053319,0.0,0.004024057138634074,-0.023169739965812286,0.03889446400670349
13588.830078125,13502.872,3.0053817590480314,False,True,3.0053817590480314,3.0053817590480314,0.03419881300833261,0.006187738486116645,0.07011720872372074
13358.7900390625,13450.525,-1.6928612525136666,True,False,-0.0,-1.6928612525136666,0.03419881300833261,-0.010845623866258314,0.05200160914075602
12997.75,13406.491,-2.7026402691170515,True,False,-2.7026402691170515,-0.0,0.006248139425238941,-0.010845623866258314,0.02356979002035864
12723.4697265625,13333.334,-2.110213486468815,True,False,-2.110213486468815,-0.0,-0.014985844520253977,-0.010845623866258314,0.0019702822679283916
12920.150390625,13224.063,1.54580997392475,True,True,1.54580997392475,0.0,0.0002406025397225786,-0.010845623866258314,0.017458838826988066
12609.16015625,13130.642,-2.407017139681733,True,False,-2.407017139681733,-2.407017139681733,-0.023835360201464373,-0.03465473923770934,-0.0070315698127843
13073.8203125,13019.9375,3.6850999629795433,False,True,3.6850999629795433,0.0,0.012137282578370767,-0.03465473923770934,0.0295603094404433
13068.830078125,12965.825,-0.038169672335397475,False,False,-0.0,-0.038169672335397475,0.012137282578370767,-0.03502320836064765,0.029167329643834616
13398.669921875,12945.209,2.5238666489519668,False,True,0.0,0.0,0.012137282578370767,-0.03502320836064765,0.05514214063862499
13319.8603515625,12982.5625,-0.5881895051674801,False,False,-0.0,-0.5881895051674801,0.012137282578370767,-0.04069910057637216,0.04893590530278913
13459.7099609375,13037.129,1.0499329999251517,False,True,0.0,0.0,0.012137282578370767,-0.04069910057637216,0.05994902952062664
13471.5703125,13111.704,0.08811743787140447,False,True,0.0,0.08811743787140447,0.012137282578370767,-0.03985378920232274,0.060883029448183024
13525.2001953125,13189.657,0.39809674424322594,False,True,0.0,0.39809674424322594,0.012137282578370767,-0.036031478397162475,0.06510637024864518
13116.169921875,13266.931,-3.0242086440928184,True,False,-0.0,-3.0242086440928184,0.012137282578370767,-0.06518389775380928,0.03289533133080247
13215.240234375,13289.035,0.755329590041165,True,True,0.755329590041165,0.0,0.01978225496552377,-0.06518389775380928,0.04069709540249766
13377.5400390625,13292.159,1.22812602577842,False,True,1.22812602577842,1.22812602577842,0.03230646624502542,-0.0537031779089564,0.05347816728065591
13227.7001953125,13301.709,-1.1200851824211822,True,False,-0.0,-1.1200851824211822,0.03230646624502542,-0.06430250839492069,0.04167831442890302
12961.8896484375,13295.675,-2.009499330572939,True,False,-2.009499330572939,-0.0,0.011562274716370391,-0.06430250839492069,0.020745795673730694
12977.6796875,13252.893,0.12181895920093666,True,True,0.12181895920093666,0.0,0.01279454935109925,-0.06430250839492069,0.021989257578107768
13138.73046875,13198.014,1.2409828654125432,True,True,1.2409828654125432,1.2409828654125432,0.025363156170378653,-0.05269066285200663,0.0346719691510089
13059.650390625,13160.172,-0.6018852301833078,True,False,-0.6018852301833078,-0.6018852301833078,0.01919164677764784,-0.058392377836447795,0.02844443138784225
13045.3896484375,13125.833,-0.10919696746045648,True,False,-0.10919696746045648,-0.0,0.018078720406756288,-0.058392377836447795,0.027321401256750866
13246.8701171875,13096.179,1.5444572694241598,False,True,1.5444572694241598,0.0,0.033802511212538855,-0.058392377836447795,0.043187941318810985
13480.1103515625,13095.012,1.7607195685596322,False,True,0.0,1.7607195685596322,0.033802511212538855,-0.041813308173965114,0.0615555555384657
13705.58984375,13134.523,1.6726828364677537,False,True,0.0,1.6726828364677537,0.033802511212538855,-0.02578588383847291,0.0793120131155276
13698.3798828125,13216.067,-0.052605987919507324,False,False,-0.0,-0.052605987919507324,0.033802511212538855,-0.02629837879873098,0.07874423036829437
13688.83984375,13309.783,-0.06964355744338846,False,False,-0.0,-0.0,0.033802511212538855,-0.02629837879873098,0.07799295451055066
13829.3095703125,13399.084,1.026162393350205,False,True,0.0,0.0,0.033802511212538855,-0.02629837879873098,0.08905491281270272
13900.1904296875,13492.034,0.5125408395453057,False,True,0.0,0.5125408395453057,0.033802511212538855,-0.021307760334759784,0.09463676400594245
13850.0,13583.726,-0.3610772812169927,False,False,-0.0,-0.3610772812169927,0.033802511212538855,-0.024841595665224703,0.09068427933926815
13996.099609375,13658.44,1.0548708258122819,False,True,0.0,0.0,0.033802511212538855,-0.024841595665224703,0.10218958960373903
13857.83984375,13732.316,-0.9878449674107004,False,False,-0.0,-0.9878449674107004,0.033802511212538855,-0.03447464888672824,0.09130166521151395
14038.759765625,13780.817,1.3055420174782562,False,True,0.0,0.0,0.033802511212538855,-0.03447464888672824,0.10554906698829014
14052.33984375,13831.318,0.09673274813244426,False,True,0.0,0.09673274813244426,0.033802511212538855,-0.033540669680680923,0.10661849498274045
13914.76953125,13877.386,-0.9789850945085554,False,False,-0.0,-0.9789850945085554,0.033802511212538855,-0.04300216246899424,0.09578486486378446
13786.26953125,13900.266,-0.9234791831184364,True,False,-0.0,-0.0,0.033802511212538855,-0.04300216246899424,0.08566551974500491
13950.2197265625,13894.351,1.189228129776998,False,True,1.189228129776998,0.0,0.046096781482219296,-0.04300216246899424,0.09857655950110211
13818.41015625,13892.555,-0.9448565893304339,True,False,-0.0,-0.9448565893304339,0.046096781482219296,-0.05204441959665573,0.08819658648981643
14016.8095703125,13877.017,1.4357615081555863,False,True,1.4357615081555863,0.0,0.06111623640879538,-0.05204441959665573,0.10382049421170025
14138.7802734375,13878.955,0.8701745037853259,False,True,0.0,0.8701745037853259,0.06111623640879538,-0.04379555182877559,0.11342565871988763
14090.2197265625,13902.504,-0.34345640809080313,False,False,-0.0,-0.34345640809080313,0.06111623640879538,-0.04707969728046901,0.10960152694568692
14051.0302734375,13929.057,-0.2781323065609853,False,False,-0.0,-0.0,0.06111623640879538,-0.04707969728046901,0.10651536662515704
14082.5498046875,13950.386,0.22432185139893424,False,True,0.0,0.0,0.06111623640879538,-0.04707969728046901,0.10899752238158422
13962.6796875,13970.377,-0.8511961175354799,True,False,-0.0,-0.8511961175354799,0.06111623640879538,-0.05519091790042496,0.09955777852750747
13895.1201171875,13973.693,-0.483858197885767,True,False,-0.483858197885767,-0.0,0.05598193850983457,-0.05519091790042496,0.09423747807561145
13633.5,13960.781,-1.8828201194453165,True,False,-1.8828201194453165,-0.0,0.03609969811386282,-0.05519091790042496,0.0736349546838928
13582.419921875,13911.377,-0.37466591942640903,True,False,-0.37466591942640903,-0.0,0.03221778565375022,-0.05519091790042496,0.06961241040964317
13632.83984375,13843.532,0.3712145712252424,True,True,0.3712145712252424,0.0,0.0360495284808755,-0.05519091790042496,0.07358296753271731
13752.240234375,13778.917,0.8758291888812941,False,True,0.8758291888812941,0.8758291888812941,0.04512355266257795,-0.04691600418019548,0.08298572052922681
13401.8603515625,13736.15,-2.547802225972562,True,False,-0.0,-2.547802225972562,0.04512355266257795,-0.0711986994410807,0.05539338623461809
13389.4296875,13669.888,-0.09275327257869392,True,False,-0.09275327257869392,-0.0,0.0441541663649927,-0.0711986994410807,0.05441447433030633
13031.6796875,13599.256,-2.671883779590589,True,False,-2.671883779590589,-0.0,0.01625558055996712,-0.0711986994410807,0.026241745021019502
13124.990234375,13493.851,0.7160285482193274,True,True,0.7160285482193274,0.0,0.02353226063964864,-0.0711986994410807,0.03358992888911416
13429.98046875,13393.879,2.3237368480184983,False,True,2.3237368480184983,2.3237368480184983,0.04731645693148878,-0.04961580137511801,0.057607838924118804
13379.0498046875,13341.206,-0.37923111043243196,False,False,-0.0,-0.37923111043243196,0.04731645693148878,-0.0532199539249375,0.05359706097254646
13303.6396484375,13312.605,-0.5636435871819501,False,False,-0.0,-0.0,0.04731645693148878,-0.0532199539249375,0.04765852870363729
13299.740234375,13292.584,-0.02931088157486217,False,False,-0.0,-0.0,0.04731645693148878,-0.0532199539249375,0.04735145075297997
13535.740234375,13279.718,1.7744707478573485,False,True,0.0,0.0,0.04731645693148878,-0.0532199539249375,0.06593639587385125
13470.990234375,13298.777,-0.4783631990481263,False,False,-0.0,-0.4783631990481263,0.04731645693148878,-0.05774900124129145,0.06083734843073074
13661.169921875,13324.559,1.4117721428874797,False,True,0.0,0.0,0.04731645693148878,-0.05774900124129145,0.07581395459722207
13657.169921875,13373.162,-0.029280069151282895,False,False,-0.0,-0.029280069151282895,0.04731645693148878,-0.058024892985306664,0.07549895552737684
13738.0,13427.297,0.5918508635931463,False,True,0.0,0.0,0.04731645693148878,-0.058024892985306664,0.08186430538360079
13736.2802734375,13487.725,-0.012518027096375395,False,False,-0.0,-0.012518027096375395,0.04731645693148878,-0.05814280968444385,0.08172887731670686
13748.740234375,13544.207,0.09070840642058098,False,True,0.0,0.0,0.04731645693148878,-0.05814280968444385,0.082710096343112
13736.48046875,13593.693,-0.08917010152208471,False,False,-0.0,-0.08917010152208471,0.04731645693148878,-0.05898266469724134,0.08174464265101289
13756.330078125,13632.334,0.14450287626555092,False,True,0.0,0.0,0.04731645693148878,-0.05898266469724134,0.08330779477349215
13614.509765625,13662.979,-1.0309458387126047,True,False,-0.0,-1.0309458387126047,0.04731645693148878,-0.06868404375710935,0.07213947814282551
13814.490234375,13669.642,1.4688774858050868,False,True,1.4688774858050868,0.0,0.0627002525724869,-0.06868404375710935,0.08788789355369353
13881.7197265625,13685.797,0.4866592327830599,False,True,0.0,0.4866592327830599,0.0627002525724869,-0.06415170866967146,0.0931822004300018
13924.91015625,13711.367,0.31113169361038917,False,True,0.0,0.31113169361038917,0.0627002525724869,-0.06123998803123154,0.09658343672444691
13911.75,13743.673,-0.09450801550839882,False,False,-0.0,-0.09450801550839882,0.0627002525724869,-0.062127191488929645,0.0955470774800049
14020.330078125,13774.335,0.7804918728772536,False,True,0.0,0.0,0.0627002525724869,-0.062127191488929645,0.10409773338328066
14069.419921875,13813.04,0.3501332955533787,False,True,0.0,0.3501332955533787,0.0627002525724869,-0.05884338651639076,0.10796354716330558
14174.1396484375,13856.617,0.7443073498693664,False,True,0.0,0.7443073498693664,0.0627002525724869,-0.05183828866845064,0.1162102012787154
14072.8603515625,13909.524,-0.7145357629248728,False,False,-0.0,-0.7145357629248728,0.0627002525724869,-0.05861324318627503,0.10823448020116322
14039.6796875,13949.537,-0.23577768295566237,False,False,-0.0,-0.0,0.0627002525724869,-0.05861324318627503,0.10562151062202929
14161.349609375,13975.079,0.8666146563395483,False,True,0.0,0.0,0.0627002525724869,-0.05861324318627503,0.11520298867672252
14030.3798828125,14003.75,-0.9248392997500465,False,False,-0.0,-0.9248392997500465,0.0627002525724869,-0.0673195578759308,0.10488915316545322
14141.48046875,14015.219,0.7918572901479237,False,True,0.0,0.0,0.0627002525724869,-0.0673195578759308,0.11363829847284745
14253.26953125,14029.477,0.790504662839453,False,True,0.0,0.790504662839453,0.0627002525724869,-0.05994667549154842,0.12244166114944122
14271.73046875,14055.379,0.12952072125995695,False,True,0.0,0.12952072125995695,0.0627002525724869,-0.05872911164541683,0.1238954556846843
14369.7099609375,14086.05,0.6865284655006576,False,True,0.0,0.6865284655006576,0.0627002525724869,-0.052267019059391684,0.1316113179104279
14360.3896484375,14126.9,-0.06486082548177174,False,False,-0.0,-0.06486082548177174,0.0627002525724869,-0.05288172649419276,0.13087734546838603
14500.509765625,14167.044,0.9757403567579814,False,True,0.0,0.0,0.0627002525724869,-0.05288172649419276,0.14191177211355455
14528.330078125,14218.273,0.19185747914842732,False,True,0.0,0.19185747914842732,0.0627002525724869,-0.051064609250090376,0.14410261525363066
14503.9501953125,14271.975,-0.16780925737093222,False,False,-0.0,-0.16780925737093222,0.0627002525724869,-0.052657010682237715,0.14218270515141218
14522.3798828125,14318.135,0.12706667667650162,False,True,0.0,0.0,0.0627002525724869,-0.052657010682237715,0.1436340387564219
14639.330078125,14357.301,0.8053101231080717,False,True,0.0,0.8053101231080717,0.0627002525724869,-0.04502796168870715,0.152843839441837
14663.6396484375,14401.31,0.16605657624200187,False,True,0.0,0.16605657624200187,0.0627002525724869,-0.043442167817818955,0.15475821245103094
14665.0595703125,14444.861,0.009683284021178018,False,True,0.0,0.009683284021178018,0.0627002525724869,-0.04334954160610194,0.1548700309685005
14559.7802734375,14483.284,-0.7178920506270892,False,False,-0.0,-0.7178920506270892,0.0627002525724869,-0.05021725919919939,0.1465793108211031
14701.919921875,14502.674,0.9762485818334499,False,True,0.0,0.0,0.0627002525724869,-0.05021725919919939,0.1577727750825899
14733.240234375,14526.347,0.21303552642399914,False,True,0.0,0.21303552642399914,0.0627002525724869,-0.048193884537450105,0.16023924240878085
14677.650390625,14552.043,-0.37730901597803346,False,False,-0.0,-0.37730901597803346,0.0627002525724869,-0.05178513482572056,0.15586155514025735
14644.9501953125,14569.445,-0.22278903259194127,False,False,-0.0,-0.0,0.0627002525724869,-0.05178513482572056,0.15328642236345824
14543.1298828125,14577.106,-0.6952588512905256,True,False,-0.0,-0.0,0.0627002525724869,-0.05178513482572056,0.1452680964312445
14427.240234375,14567.291,-0.796868689005259,True,False,-0.796868689005259,-0.0,0.05423192700175705,-0.05178513482572056,0.1361418135656174
14274.98046875,14536.672,-1.0553630711868212,True,False,-1.0553630711868212,-0.0,0.04310595255951921,-0.05178513482572056,0.1241513924289337
14498.8798828125,14481.72,1.568474398635078,False,True,1.568474398635078,0.0,0.05946680237605384,-0.05178513482572056,0.14178341922108118
14631.9501953125,14445.956,0.9177971924420714,False,True,0.0,0.9177971924420714,0.05946680237605384,-0.04308244541483264,0.15226267538646132
14684.599609375,14437.818,0.3598249950260701,False,True,0.0,0.3598249950260701,0.05946680237605384,-0.03963921687164296,0.1564088045008578
14836.990234375,14450.725,1.0377581211183262,False,True,0.0,1.0377581211183262,0.05946680237605384,-0.029672994852692924,0.16840953078289278
14840.7099609375,14490.691,0.025070627558165803,False,True,0.0,0.025070627558165803,0.05946680237605384,-0.029429727783136128,0.16870245838470943
14660.580078125,14540.398,-1.21375515919806,False,False,-0.0,-1.21375515919806,0.05946680237605384,-0.04121007453581094,0.15451727200039045
14762.580078125,14569.649,0.6957432752077386,False,True,0.0,0.0,0.05946680237605384,-0.04121007453581094,0.16254974828144508
14778.259765625,14597.487,0.10621237898131852,False,True,0.0,0.10621237898131852,0.05946680237605384,-0.04019172094654222,0.16378452002593624
14672.6796875,14622.338,-0.7144283548905062,False,False,-0.0,-0.7144283548905062,0.05946680237605384,-0.04704886344468673,0.15547011342504446
14681.0703125,14630.703,0.05718536203818125,False,True,0.0,0.0,0.05946680237605384,-0.04704886344468673,0.15613087319264962
14761.2900390625,14630.884,0.5464160640535676,False,True,0.0,0.5464160640535676,0.05946680237605384,-0.041841785351967475,0.16244815800525703
14780.5302734375,14635.481,0.13034249936207942,False,True,0.0,0.13034249936207942,0.05946680237605384,-0.040592897987152154,0.16396332198818953
14895.1201171875,14643.451,0.7752755931627942,False,True,0.0,0.7752755931627942,0.05946680237605384,-0.033154848886176036,0.1729872455369308
14835.759765625,14665.178,-0.39852214077820136,False,False,-0.0,-0.39852214077820136,0.05946680237605384,-0.037007940880405044,0.1683126316549617
14860.1796875,14684.367,0.164601761290184,False,True,0.0,0.0,0.05946680237605384,-0.037007940880405044,0.17023569482404155
14788.08984375,14703.319,-0.485120942451589,False,False,-0.0,-0.485120942451589,0.05946680237605384,-0.04167961703334,0.1645586363924063
14765.1396484375,14711.656,-0.15519377793203892,False,False,-0.0,-0.0,0.05946680237605384,-0.04167961703334,0.16275131384835517
14816.259765625,14711.234,0.3462216978957544,False,True,0.0,0.0,0.05946680237605384,-0.04167961703334,0.1667770111894662
14822.900390625,14711.992,0.04481984728295085,False,True,0.0,0.04481984728295085,0.05946680237605384,-0.04125009930121293,0.16729995886401383
14793.759765625,14713.601,-0.19659192352415866,False,False,-0.0,-0.19659192352415866,0.05946680237605384,-0.04313492417278264,0.1650051414215863
14656.1796875,14712.144,-0.9299872399218145,True,False,-0.0,-0.0,0.05946680237605384,-0.04313492417278264,0.1541707422619325
14525.91015625,14693.843,-0.8888368867441265,True,False,-0.8888368867441265,-0.0,0.0500498706337269,-0.04313492417278264,0.14391204696869986
14541.7900390625,14654.743,0.10932108653904926,True,True,0.10932108653904926,0.0,0.05119779656150558,-0.04313492417278264,0.14516258404749705
14714.66015625,14611.402,1.1887815511235633,False,True,1.1887815511235633,1.1887815511235633,0.06369424203284613,-0.03175988868220414,0.15877606557702362
14942.650390625,14589.878,1.549408766183169,False,True,0.0,1.549408766183169,0.06369424203284613,-0.016757891519744494,0.17673024351750644
15019.7998046875,14607.06,0.5163034136896005,False,True,0.0,0.5163034136896005,0.06369424203284613,-0.01168137894882737,0.18280574193470533
15041.8603515625,14650.538,0.14687643751494228,False,True,0.0,0.14687643751494228,0.06369424203284613,-0.010229771766930629,0.18454300487118114
14945.8095703125,14705.643,-0.6385565282822414,False,False,-0.0,-0.6385565282822414,0.06369424203284613,-0.016550014174306904,0.1769790281832655
15129.5,14750.042,1.2290430225497584,False,True,0.0,0.0,0.06369424203284613,-0.016550014174306904,0.19144460680602582
15265.8896484375,14805.273,0.9014815323540093,False,True,0.0,0.9014815323540093,0.06369424203284613,-0.007684394172150166,0.2021852599046099
15259.240234375,14874.173,-0.043557330857424414,False,False,-0.0,-0.043557330857424414,0.06369424203284613,-0.008116620363730509,0.20166162009343402
15309.3798828125,14940.983,0.3285854843843916,False,True,0.0,0.0,0.06369424203284613,-0.008116620363730509,0.20561010574847938
15331.1796875,15004.93,0.14239508624365182,False,True,0.0,0.14239508624365182,0.06369424203284613,-0.006704227169860966,0.2073268352983222
15363.51953125,15062.138,0.21094165230068906,False,True,0.0,0.21094165230068906,0.06369424203284613,-0.004608952654420184,0.20987359047337018
15374.330078125,15112.669,0.07036504137616362,False,True,0.0,0.07036504137616362,0.06369424203284613,-0.003908545332100832,0.21072491852590614
15286.6396484375,15154.746,-0.5703691103410624,False,False,-0.0,-0.5703691103410624,0.06369424203284613,-0.009589943300273518,0.20381931757943228
15248.25,15177.3545,-0.2511320298010933,False,False,-0.0,-0.0,0.06369424203284613,-0.009589943300273518,0.2007961416920574
15115.490234375,15183.101,-0.8706557514796764,True,False,-0.0,-0.0,0.06369424203284613,-0.009589943300273518,0.19034134102086941
15105.580078125,15164.1455,-0.06556291656001356,True,False,-0.06556291656001356,-0.0,0.06299685306448843,-0.009589943300273518,0.18956091852067658
15037.759765625,15133.738,-0.44897522736127016,True,False,-0.44897522736127016,-0.0,0.058224260526599014,-0.009589943300273518,0.18422008468214757
15161.5302734375,15092.747,0.8230648031459342,False,True,0.8230648031459342,0.0,0.06693413195334474,-0.009589943300273518,0.1939669833909512
15181.919921875,15065.088,0.1344827868280607,False,True,0.0,0.1344827868280607,0.06693413195334474,-0.008258012254998337,0.19557266346402224
15043.9697265625,15049.014,-0.9086478918501784,False,False,-0.0,-0.9086478918501784,0.06693413195334474,-0.01726945491923637,0.18470911766191933
14713.900390625,15025.331,-2.194030843831807,True,False,-0.0,-0.0,0.06693413195334474,-0.01726945491923637,0.1587162342107291
14746.400390625,14964.014,0.22087957059100383,True,True,0.22087957059100383,0.0,0.06929077148249219,-0.01726945491923637,0.16127560165322197
14896.849609375,14895.467,1.0202436849988672,False,True,1.0202436849988672,1.0202436849988672,0.08020014305281808,-0.007243208592494943,0.17312344264452162
15052.240234375,14847.235,1.0431106514105393,False,True,0.0,1.0431106514105393,0.08020014305281808,0.0031123432412782925,0.18536041822894056
15047.7001953125,14831.816,-0.03016188282812804,False,False,-0.0,-0.03016188282812804,0.08020014305281808,0.0028097856716753355,0.18500289120850333
14969.9697265625,14834.402,-0.5165604560237957,False,False,-0.0,-0.0,0.08020014305281808,0.0028097856716753355,0.17888163486978148
14546.6796875,14837.986,-2.8275944894625926,True,False,-0.0,-0.0,0.08020014305281808,0.0028097856716753355,0.14554764272491694
14512.4404296875,14794.579,-0.23537507216799813,True,False,-0.23537507216799813,-0.0,0.07765762118654873,0.0028097856716753355,0.14285130913413435
14448.580078125,14730.011,-0.4400386817909885,True,False,-0.4400386817909885,-0.0,0.07291551079605929,0.0028097856716753355,0.1378223212985894
14566.7001953125,14653.95,0.817520590596521,True,True,0.817520590596521,0.0,0.08168681601652095,0.0028097856716753355,0.14712425305960863
14255.48046875,14593.837,-2.136514944288126,True,False,-2.136514944288126,-2.136514944288126,0.05857641554193349,-0.018615395261983747,0.12261577196343665
14433.830078125,14512.971,1.251095042120598,True,True,1.251095042120598,0.0,0.07182021259383653,-0.018615395261983747,0.13666076222853518
14501.91015625,14452.426,0.4716702202846257,False,True,0.4716702202846257,0.4716702202846257,0.07687566935163304,-0.013986496334976506,0.1420220525496274
14654.01953125,14415.914,1.0488919967170274,False,True,0.0,1.0488919967170274,0.07687566935163304,-0.0036442796084849016,0.15400063045956403
14579.5400390625,14413.371,-0.508252988394553,False,False,-0.0,-0.508252988394553,0.07687566935163304,-0.008708287332414799,0.14813538776916135
14486.2001953125,14420.281,-0.6402111692132784,False,False,-0.0,-0.0,0.07687566935163304,-0.008708287332414799,0.1407848967789731
14465.919921875,14421.835,-0.13999719156209123,False,False,-0.0,-0.0,0.07687566935163304,-0.008708287332414799,0.13918782996171797
14571.6396484375,14418.804,0.730819243666847,False,True,0.0,0.0,0.07687566935163304,-0.008708287332414799,0.14751323384458903
14823.4296875,14425.702,1.7279458258460334,False,True,0.0,1.7279458258460334,0.07687566935163304,0.008420696438582453,0.16734164086983738
14897.33984375,14464.882,0.4986036147378581,False,True,0.0,0.4986036147378581,0.07687566935163304,0.013448718482789834,0.17316204848755468
15021.8095703125,14523.816,0.8355164604418874,False,True,0.0,0.8355164604418874,0.07687566935163304,0.021916249343850946,0.1829640105103254
15129.08984375,14600.627,0.7141634497185745,False,True,0.0,0.7141634497185745,0.07687566935163304,0.029214401683399727,0.19141230709671508
15121.6796875,14689.868,-0.04897952438996933,False,False,-0.0,-0.04897952438996933,0.07687566935163304,0.028710297364502146,0.1908287590151756
15215.7001953125,14774.271,0.621759683814882,False,True,0.0,0.0,0.07687566935163304,0.028710297364502146,0.19823285214200514
15090.2001953125,14857.29,-0.8248059464175173,False,False,-0.0,-0.8248059464175173,0.07687566935163304,0.020225433660430392,0.18834975632560957
15226.7099609375,14915.167,0.9046252790430476,False,True,0.0,0.0,0.07687566935163304,0.020225433660430392,0.19909986862477758
15235.7099609375,14969.253,0.05910666206350168,False,True,0.0,0.05910666206350168,0.07687566935163304,0.020828454859789902,0.1998086165319295
15235.83984375,15014.906,0.0008524894004491301,False,True,0.0,0.0008524894004491301,0.07687566935163304,0.020837157314164356,0.1998188447732112
15448.1201171875,15050.672,1.3932955164567495,False,True,0.0,1.3932955164567495,0.07687566935163304,0.03506043565734718,0.2165358669430395
15498.3896484375,15100.985,0.325408728496801,False,True,0.0,0.325408728496801,0.07687566935163304,0.03842861266019315,0.22049458083936635
15595.919921875,15157.4,0.62929295010552,False,True,0.0,0.62929295010552,0.07687566935163304,0.04496337071154222,0.2281750671930085
15649.599609375,15221.438,0.3441905816963686,False,True,0.0,0.3441905816963686,0.07687566935163304,0.04856003621570815,0.23240233010102984
15811.580078125,15287.678,1.0350454503191608,False,True,0.0,1.0350454503191608,0.07687566935163304,0.05941310916442388,0.2451582543483679
15940.3095703125,15365.582,0.8141469198615692,False,True,0.0,0.8141469198615692,0.07687566935163304,0.06803828836129577,0.2552956719235473
15971.58984375,15454.264,0.19623378893316445,False,True,0.0,0.19623378893316445,0.07687566935163304,0.0701341403618041,0.25775898618287685
15982.3603515625,15541.248,0.06743541449454327,False,True,0.0,0.06743541449454327,0.07687566935163304,0.07085578975500462,0.25860716116855165
15886.5400390625,15618.429,-0.5995379305199555,False,False,-0.0,-0.5995379305199555,0.07687566935163304,0.06443560311425434,0.25106133384110585
15622.7099609375,15670.501,-1.660714526110052,True,False,-0.0,-0.0,0.07687566935163304,0.06443560311425434,0.23028477653946045
15704.2802734375,15673.803,0.5221265241686979,False,True,0.5221265241686979,0.0,0.08249832285363712,0.06443560311425434,0.23670841968058265
15860.9599609375,15661.716,0.9976877944862572,False,True,0.0,0.9976877944862572,0.08249832285363712,0.07505534720669149,0.24904690863711965
15853.849609375,15659.4375,-0.04482926367641582,False,False,-0.0,-0.04482926367641582,0.08249832285363712,0.07457340781042476,0.24848697010500453
15973.8603515625,15660.414,0.7569817119782218,False,True,0.0,0.0,0.08249832285363712,0.07457340781042476,0.25793778814513035
15921.5703125,15676.748,-0.3273475409930282,False,False,-0.0,-0.3273475409930282,0.08249832285363712,0.07105581818379236,0.2538199597284152
15993.7099609375,15692.585,0.45309380307081426,False,True,0.0,0.0,0.08249832285363712,0.07105581818379236,0.2595009402676096
16057.4404296875,15715.096,0.39847207999677003,False,True,0.0,0.39847207999677003,0.08249832285363712,0.0753236765804357,0.26451969986187285
15854.759765625,15745.3125,-1.2622227368676908,False,False,-0.0,-1.2622227368676908,0.08249832285363712,0.061750696639715885,0.24855864469804523
15775.1396484375,15752.743,-0.5021843179240482,False,False,-0.0,-0.0,0.08249832285363712,0.061750696639715885,0.24228857898428657
15845.23046875,15739.79,0.4443118848677985,False,True,0.0,0.0,0.08249832285363712,0.061750696639715885,0.2478082147850691
15491.66015625,15725.838,-2.23139898909841,True,False,-0.0,-2.23139898909841,0.08249832285363712,0.03805880232815184,0.21996463489446816
15782.830078125,15672.033,1.8795269127920289,False,True,1.8795269127920289,0.0,0.1028441701621936,0.03805880232815184,0.24289419853385463
15537.6904296875,15638.884,-1.553204635822969,True,False,-0.0,-1.553204635822969,0.1028441701621936,0.021935624887822636,0.22358950822385215
15254.0498046875,15590.089,-1.8255005548189707,True,False,-1.8255005548189707,-0.0,0.08271174371709411,0.021935624887822636,0.2012528749625191
15381.3203125,15508.371,0.8343391390618793,True,True,0.8343391390618793,0.0,0.09174523155814507,0.021935624887822636,0.21127539785743754
15085.4697265625,15434.843,-1.9234407705369105,True,False,-1.9234407705369105,-1.9234407705369105,0.07074615866396305,0.002279298430089005,0.18797723301156433
15225.150390625,15339.23,0.9259285033501596,True,True,0.9259285033501596,0.0,0.08066050254555956,0.002279298430089005,0.19897705282532896
15686.919921875,15260.784,3.032939047579708,False,True,3.032939047579708,3.032939047579708,0.1134362768990349,0.032677818637983025,0.23534129603198872
15786.990234375,15251.518,0.6379219948745574,False,True,0.0,0.6379219948745574,0.1134362768990349,0.03926549757926545,0.24322180987114517
15517.3701171875,15288.558,-1.7078626969719846,False,False,-0.0,-1.7078626969719846,0.1134362768990349,0.02151626982360888,0.22198928833973586
15630.599609375,15315.635,0.7296951180025157,False,True,0.0,0.0,0.1134362768990349,0.02151626982360888,0.23090608451926453
15413.2802734375,15349.691,-1.390345484936839,False,False,-0.0,-1.390345484936839,0.1134362768990349,0.007313664488221017,0.21379223734933817
15237.6396484375,15358.108,-1.13954084973521,True,False,-0.0,-0.0,0.1134362768990349,0.007313664488221017,0.19996057897382746
15565.580078125,15333.631,2.1521734156584316,False,True,2.1521734156584316,0.0,0.13739935645075296,0.007313664488221017,0.22578581155288324
15180.4296875,15332.62,-2.474372228287647,True,False,-0.0,-2.474372228287647,0.13739935645075296,-0.017611025077622133,0.19545530785352838
15169.6796875,15297.8125,-0.07081485979841817,True,False,-0.07081485979841817,-0.0,0.1365939086911343,-0.017611025077622133,0.19460874785331916
14980.9404296875,15250.679,-1.2441874957189958,True,False,-1.2441874957189958,-0.0,0.12245254940209538,-0.017611025077622133,0.17974557518976297
15341.08984375,15180.639,2.404050772065003,False,True,2.404050772065003,0.0,0.14943687858205967,-0.017611025077622133,0.20810725779851524
15521.8896484375,15148.286,1.1785329890441787,False,True,0.0,1.1785329890441787,0.14943687858205967,-0.006033246927429015,0.22234520037470773
15653.3701171875,15157.405,0.8470648337796538,False,True,0.0,0.8470648337796538,0.14943687858205967,0.002386295897310209,0.23269925671447522
15871.259765625,15201.67,1.3919663740542099,False,True,0.0,1.3919663740542099,0.14943687858205967,0.016339176074328332,0.24985801586115697
15781.7197265625,15283.95,-0.5641646623189445,False,False,-0.0,-0.5641646623189445,0.14943687858205967,0.010605349593613367,0.2428067586065077
15766.2197265625,15365.858,-0.0982148984303155,False,False,-0.0,-0.0,0.14943687858205967,0.010605349593613367,0.2415861372108572
15741.5595703125,15437.511,-0.1564113444927684,False,False,-0.0,-0.0,0.14943687858205967,0.010605349593613367,0.23964415564060992
15644.9697265625,15492.824,-0.613597676383737,False,False,-0.0,-0.0,0.14943687858205967,0.010605349593613367,0.23203772790617228
15832.7998046875,15522.172,1.2005780861697346,False,True,0.0,0.0,0.14943687858205967,0.010605349593613367,0.24682930288075733
15622.7197265625,15556.154,-1.3268662568625578,False,False,-0.0,-1.3268662568625578,0.14943687858205967,-0.0028040317801921733,0.2302855455801578
15100.169921875,15563.122,-3.3448068827544475,True,False,-0.0,-0.0,0.14943687858205967,-0.0028040317801921733,0.1891348699740596
15080.8603515625,15497.053,-0.12787651008169254,True,False,-0.12787651008169254,-0.0,0.14796701881613705,-0.0028040317801921733,0.18761424580217234
14935.900390625,15400.984,-0.9612181106264384,True,False,-0.9612181106264384,-0.0,0.13693255192725795,-0.0028040317801921733,0.17619868258714222
14942.830078125,15282.717,0.04639618180870553,True,True,0.04639618180870553,0.0,0.13746004522109256,-0.0028040317801921733,0.17674439386634688
15153.4501953125,15167.433,1.4095062052256635,False,True,1.4095062052256635,1.4095062052256635,0.15349261514044654,0.011251507270126249,0.1933306791175382
15188.3896484375,15090.28,0.23057094374328013,False,True,0.0,0.23057094374328013,0.15349261514044654,0.013583159414057189,0.19608215292635767
14806.8095703125,15044.7295,-2.5123142542254673,True,False,-0.0,-2.5123142542254673,0.15349261514044654,-0.011881234778331029,0.16603281050614194
14893.75,14978.253,0.5871651774452147,True,True,0.5871651774452147,0.0,0.16026552210095346,-0.011881234778331029,0.17287934912701974
14506.900390625,14921.061,-2.5973956147712918,True,False,-2.5973956147712918,-2.5973956147712918,0.1301288363102,-0.037546588254930846,0.14241503234623654
14340.259765625,14830.838,-1.1486990364095284,True,False,-1.1486990364095284,-0.0,0.11714705725731855,-0.037546588254930846,0.12929212187787775
14154.01953125,14717.131,-1.2987228782384785,True,False,-1.2987228782384785,-0.0,0.10263841284114994,-0.037546588254930846,0.11462574672890491
13768.919921875,14583.495,-2.720779129382689,True,False,-2.720779129382689,-0.0,0.07263805703201132,-0.037546588254930846,0.084299242041179
13855.1298828125,14411.795,0.6261199965331699,True,True,0.6261199965331699,0.0,0.07935405839751364,-0.037546588254930846,0.09108825641785634
13539.2900390625,14250.976,-2.279587751406098,True,False,-2.279587751406098,-2.279587751406098,0.054749235487979275,-0.05948655834206151,0.06621594216752458
13542.1201171875,14077.477,0.020902706987113717,True,True,0.020902706987113717,0.0,0.05496970663012224,-0.05948655834206151,0.06643881016176567
13352.7802734375,13918.933,-1.3981551050466057,True,False,-1.3981551050466057,-1.3981551050466057,0.040219593820177924,-0.07263639504025154,0.05152834149529073
13770.5703125,13764.71,3.128861783890824,False,True,3.128861783890824,0.0,0.07276662715976179,-0.07263639504025154,0.08442920991911795
14239.8798828125,13678.158,3.408061973195786,False,True,0.0,3.408061973195786,0.07276662715976179,-0.041031268666360754,0.12138722944859892
14346.0,13688.094,0.7452318282233916,False,True,0.0,0.7452318282233916,0.07276662715976179,-0.03388472845775237,0.12974416400008226
14417.5498046875,13759.115,0.49874393341349244,False,True,0.0,0.49874393341349244,0.07276662715976179,-0.029066287151154113,0.13537869448112572
13878.8203125,13863.791,-3.7366230703940073,True,False,-0.0,-3.7366230703940073,0.07276662715976179,-0.06534642026369719,0.09295387224680574
14098.009765625,13914.472,1.579308962791215,False,True,1.579308962791215,0.0,0.08970892665232899,-0.06534642026369719,0.1102149907103731
14015.669921875,13958.696,-0.5840529629279168,False,False,-0.0,-0.5840529629279168,0.08970892665232899,-0.0708052921892589,0.10373074716225927
14194.4501953125,13983.34,1.2755742282319904,False,True,0.0,0.0,0.08970892665232899,-0.0708052921892589,0.11780965212213346
14490.3701171875,14015.1875,2.0847579004696026,False,True,0.0,2.0847579004696026,0.08970892665232899,-0.05143383210742902,0.14111327715696143
14185.6396484375,14079.344,-2.1029860954935087,False,False,-0.0,-2.1029860954935087,0.08970892665232899,-0.07138204672476545,0.11711582360452022
13791.150390625,14117.449,-2.780905673548195,True,False,-0.0,-0.0,0.08970892665232899,-0.07138204672476545,0.08604988628579746
13790.919921875,14094.845,-0.0016711350646736456,True,False,-0.0016711350646736456,-0.0,0.08969071614435276,-0.07138204672476545,0.08603173692532784
14139.759765625,14044.226,2.5294892996708285,False,True,2.5294892996708285,0.0,0.11725432620873066,-0.07138204672476545,0.1135027935018833
14124.08984375,14022.783,-0.11082169806798658,False,False,-0.0,-0.11082169806798658,0.11725432620873066,-0.07241115690914923,0.11226879079809016
13716.7197265625,14015.124,-2.884222075150311,True,False,-0.0,-0.0,0.11725432620873066,-0.07241115690914923,0.08018848879888418
13548.0703125,13970.179,-1.2295170961021396,True,False,-1.2295170961021396,-0.0,0.10351749326105364,-0.07241115690914923,0.06690738665897467
13381.51953125,13893.836,-1.2293321292873194,True,False,-1.2293321292873194,-0.0,0.08995159816408949,-0.07241115690914923,0.053791551365036216
13037.490234375,13791.03,-2.570928481414869,True,False,-2.570928481414869,-0.0,0.061929722093252426,-0.07241115690914923,0.02669932423624899
13473.58984375,13647.45,3.344965952305512,True,True,3.344965952305512,0.0,0.09745090973468429,-0.07241115690914923,0.061042067064502215
13694.6201171875,13548.499,1.6404705501706252,False,True,1.6404705501706252,1.6404705501706252,0.11545426871146147,-0.057194335111575456,0.078448149699617
13751.400390625,13506.418,0.41461736763503954,False,True,0.0,0.41461736763503954,0.11545426871146147,-0.05328529908190105,0.08291958302921043
13532.4599609375,13505.344,-1.5921318808865603,False,False,-0.0,-1.5921318808865603,0.11545426871146147,-0.06835824565625792,0.06567807510343848
13752.01953125,13502.342,1.622466062683925,False,True,0.0,0.0,0.11545426871146147,-0.06835824565625792,0.08296834020945498
13537.9404296875,13525.062,-1.5567102786323672,False,False,-0.0,-1.5567102786323672,0.11545426871146147,-0.08286120860615787,0.06610966074308
13313.4404296875,13533.924,-1.6583024660655976,True,False,-0.0,-0.0,0.11545426871146147,-0.08286120860615787,0.04843033794801399
12830.9599609375,13510.628,-3.624010422385804,True,False,-3.624010422385804,-0.0,0.07503008975641068,-0.08286120860615787,0.010435113229323223
12795.5498046875,13419.606,-0.2759743336258724,True,False,-0.2759743336258724,-0.0,0.0720632826299279,-0.08286120860615787,0.00764657165886673
13255.5498046875,13300.612,3.594999879032046,False,True,3.594999879032046,0.0,0.11060395634362075,-0.08286120860615787,0.043871464691073614
13129.9599609375,13230.603,-0.9474510344760545,True,False,-0.0,-0.9474510344760545,0.11060395634362075,-0.09155064957280001,0.03398129370025771
12843.8095703125,13177.871,-2.1793698646173865,True,False,-2.1793698646173865,-0.0,0.08639978840381946,-0.09155064957280001,0.011447016979573288
12581.2197265625,13109.469,-2.044485651336314,True,False,-2.044485651336314,-0.0,0.06418850061375525,-0.09155064957280001,-0.009231872153443232
12948.6201171875,13012.546,2.920228710808659,True,True,2.920228710808659,0.0,0.0952652387458024,-0.09155064957280001,0.019700823173473436
13436.5498046875,12953.165,3.768198333754036,False,True,3.768198333754036,3.768198333754036,0.13653700522240886,-0.05731847628700293,0.05812517260157235
13614.7802734375,12972.957,1.3264600759922862,False,True,0.0,1.3264600759922862,0.13653700522240886,-0.044814182231194266,0.07216078057015674
13893.83984375,13051.354,2.049681043012841,False,True,0.0,2.049681043012841,0.13653700522240886,-0.025235919598839862,0.09413665684012185
13838.4599609375,13184.098,-0.39859307027647617,False,False,-0.0,-0.39859307027647617,0.13653700522240886,-0.029121261674863064,0.08977550394660239
14108.8203125,13324.522,1.9536881439528697,False,True,0.0,0.0,0.13653700522240886,-0.029121261674863064,0.11106631876290973
13922.599609375,13484.705,-1.3198885448984954,False,False,-0.0,-1.3198885448984954,0.13653700522240886,-0.041935778926871614,0.09640148169533269
14191.83984375,13615.271,1.93383593530696,False,True,0.0,0.0,0.13653700522240886,-0.041935778926871614,0.11760408754359508
14169.2998046875,13746.734,-0.15882393904287362,False,False,-0.0,-0.15882393904287362,0.13653700522240886,-0.04345741426134042,0.11582906470885423
14354.900390625,13859.468,1.3098783178834283,False,True,0.0,0.0,0.13653700522240886,-0.04345741426134042,0.13044506769211694
14619.6396484375,13970.4,1.8442430849983316,False,True,0.0,1.8442430849983316,0.13653700522240886,-0.025816443768790998,0.15129322268273349
14442.26953125,14096.365,-1.2132317995023678,False,False,-0.0,-1.2132317995023678,0.13653700522240886,-0.037635548458511026,0.13732536719963107
14220.51953125,14194.431,-1.5354234978109282,True,False,-0.0,-0.0,0.13653700522240886,-0.037635548458511026,0.1198626062650836
14261.5,14242.482,0.28817842175135056,True,True,0.28817842175135056,0.0,0.13981225962667887,-0.037635548458511026,0.12308980864960195
14532.5498046875,14263.891,1.9005700991305163,False,True,1.9005700991305163,1.9005700991305163,0.16147519061936744,-0.019345137447852045,0.14443491773917838
14204.169921875,14298.319,-2.259616428127298,True,False,-0.0,-2.259616428127298,0.16147519061936744,-0.04150417582530952,0.11857507832871872
13888.8203125,14296.688,-2.2201199444210284,True,False,-2.2201199444210284,-0.0,0.13568904826292472,-0.04150417582530952,0.09374136992141979
13897.2998046875,14242.429,0.0610526451974458,True,True,0.0610526451974458,0.0,0.1363824164681069,-0.04150417582530952,0.0944091279593755
13711.0,14168.58,-1.3405467774730062,True,False,-1.3405467774730062,-1.3405467774730062,0.12114867860437384,-0.054353260708496665,0.0797380616621457
13411.9599609375,14070.861,-2.181022821548395,True,False,-2.181022821548395,-0.0,0.09669617006052422,-0.054353260708496665,0.05618872812435005
13371.5703125,13938.529,-0.30114650323394,True,False,-0.30114650323394,-0.0,0.09339350789328638,-0.054353260708496665,0.053008052702052444
13643.58984375,13799.409,2.0343125369180592,True,True,2.0343125369180592,0.0,0.11563654910220755,-0.054353260708496665,0.07442952753292698
13351.080078125,13702.529,-2.14393549626527,True,False,-2.14393549626527,-2.14393549626527,0.09171802111669636,-0.0746273168214423,0.05139445150979327
13332.3603515625,13604.724,-0.1402113271207983,True,False,-0.1402113271207983,-0.0,0.09018730879087178,-0.0746273168214423,0.04992027739605698
13619.66015625,13517.429,2.1549057864598486,False,True,2.1549057864598486,0.0,0.11367981819125728,-0.0746273168214423,0.07254507020687995
13453.0703125,13477.926,-1.2231571260869711,False,False,-0.0,-1.2231571260869711,0.11367981819125728,-0.08594607873860305,0.05942615875014989
13174.650390625,13448.548,-2.0695641619913663,True,False,-0.0,-0.0,0.11367981819125728,-0.08594607873860305,0.03750065464589514
12839.2900390625,13398.231,-2.5454971602217213,True,False,-2.5454971602217213,-0.0,0.0853311300452364,-0.08594607873860305,0.011091104944602082
13004.849609375,13306.406,1.2894760520932191,True,True,1.2894760520932191,0.0,0.09932621505308248,-0.08594607873860305,0.024128882607707514
12490.740234375,13222.598,-3.9532127663313155,True,False,-3.9532127663313155,-3.9532127663313155,0.05586751077597718,-0.12208057504506054,-0.016357111123226686
12488.9296875,13093.567,-0.014495112707713087,True,False,-0.014495112707713087,-0.0,0.05571446159024607,-0.12208057504506054,-0.016499691268610728
12871.5302734375,12957.022,3.063517815465322,True,True,3.063517815465322,0.0,0.08805646220150698,-0.12208057504506054,0.013630015904531723
12334.6396484375,12873.637,-4.171148368488565,True,False,-4.171148368488565,-4.171148368488565,0.04267201283015454,-0.15869989681571273,-0.028649995966380515
12536.01953125,12766.254,1.6326369359157544,True,True,1.6326369359157544,0.0,0.05969506123207591,-0.15869989681571273,-0.012791377023508521
12563.759765625,12683.433,0.2212842306591023,True,True,0.2212842306591023,0.2212842306591023,0.062039999295655734,-0.15683823235484717,-0.010606840017154728
12964.8603515625,12624.873,3.19252033961146,False,True,3.19252033961146,3.19252033961146,0.09594584228797887,-0.1299201214269482,0.020979737854022185
12317.6904296875,12630.727,-4.9917230446450915,True,False,-0.0,-4.9917230446450915,0.09594584228797887,-0.17335209923249928,-0.02998474300159404
12144.66015625,12597.101,-1.4047298430269972,True,False,-1.4047298430269972,-0.0,0.08055076397794614,-0.17335209923249928,-0.0436108367985657
11623.25,12530.351,-4.2933285043934895,True,False,-4.2933285043934895,-0.0,0.03415917002363944,-0.17335209923249928,-0.08467176535522325
11737.669921875,12395.446,0.98440558256081,True,True,0.98440558256081,0.0,0.04433949062591669,-0.17335209923249928,-0.07566122311462475
11364.240234375,12253.212,-3.181463527135442,True,False,-3.181463527135442,-3.181463527135442,0.011114210632181099,-0.19965160069324805,-0.10506872416840285
11370.9599609375,12079.846,0.05913045152083907,True,True,0.05913045152083907,0.0,0.01171208703031934,-0.19965160069324805,-0.10453954726420245
11805.0,11910.759,3.8170923172146543,True,True,3.8170923172146543,3.8170923172146543,0.05033007137668566,-0.1691015634323596,-0.0703589951191288
11662.7900390625,11809.829,-1.2046587118805574,True,False,-1.2046587118805574,-1.2046587118805574,0.03767717866834519,-0.17911105383535098,-0.08155799647364015
11984.51953125,11739.439,2.7585979950759842,False,True,2.7585979950759842,0.0,0.06630252051445118,-0.17911105383535098,-0.056221873778426246
11418.150390625,11730.208,-4.725839355913896,True,False,-0.0,-4.725839355913896,0.06630252051445118,-0.2179049467215468,-0.10082331189991212
11388.5,11691.81,-0.2596777026981911,True,False,-0.2596777026981911,-0.0,0.06353357062536635,-0.2179049467215468,-0.10315827326676807
11354.6201171875,11641.395,-0.2974920561311878,True,False,-0.2974920561311878,-0.0,0.060369642738467455,-0.2179049467215468,-0.10582630615986921
11535.26953125,11586.001,1.5909771722706134,True,True,1.5909771722706134,0.0,0.07723988169612395,-0.2179049467215468,-0.0916002068104238
11264.4501953125,11553.8125,-2.3477503945948386,True,False,-2.3477503945948386,-2.3477503945948386,0.05194897812287014,-0.2362665864209984,-0.11292716653953072
11434.740234375,11507.115,1.5117474542464926,True,True,1.5117474542464926,0.0,0.06785179001961472,-0.2362665864209984,-0.09951686556237982
11740.650390625,11477.619,2.6752698354298943,False,True,2.6752698354298943,2.6752698354298943,0.09641970684510759,-0.21583465678442038,-0.07542651189363658
12131.1298828125,11493.586,3.325876158439245,False,True,0.0,3.325876158439245,0.09641970684510759,-0.1897542885916701,-0.04467634268545695
12081.3896484375,11574.746,-0.41002144775873495,False,False,-0.0,-0.41002144775873495,0.09641970684510759,-0.19307646978798954,-0.04859337457595969
11994.4599609375,11676.164,-0.7195338452745226,False,False,-0.0,-0.0,0.09641970684510759,-0.19307646978798954,-0.05543906725206982
12316.900390625,11768.784,2.6882446624324485,False,True,0.0,0.0,0.09641970684510759,-0.19307646978798954,-0.03004695839405147
12012.73046875,11882.764,-2.4695330174669516,False,False,-0.0,-2.4695330174669516,0.09641970684510759,-0.21300371279228503,-0.05400026901043531
12061.3701171875,11960.666,0.40490085550517474,False,True,0.0,0.0,0.09641970684510759,-0.21300371279228503,-0.05016990800658194
12175.23046875,12017.217,0.9440084373188107,False,True,0.0,0.9440084373188107,0.09641970684510759,-0.20557440143965844,-0.041203431797971035
12086.26953125,12067.955,-0.7306714869039665,True,False,-0.0,-0.7306714869039665,0.09641970684510759,-0.211379042773005,-0.048209084939237035
11754.23046875,12099.295,-2.7472419148148797,True,False,-2.7472419148148797,-0.0,0.06629840509636842,-0.211379042773005,-0.07435708389918638
11340.01953125,12080.034,-3.523930712446288,True,False,-3.523930712446288,-0.0,0.02872278811285245,-0.211379042773005,-0.10697609890724635
10809.23046875,11990.682,-4.680671501819644,True,False,-4.680671501819644,-0.0,-0.01942834626307033,-0.211379042773005,-0.14877561415013296
10828.349609375,11815.614,0.1768779070838944,True,True,0.1768779070838944,0.0,-0.01769393164448252,-0.211379042773005,-0.14726998627185395
11099.150390625,11616.694,2.50085000040583,True,True,2.50085000040583,2.50085000040583,0.006872069669972891,-0.19165681556099323,-0.12594448772007294
10646.099609375,11455.007,-4.081851000349301,True,False,-4.081851000349301,-4.081851000349301,-0.03422694797808856,-0.22465217992127218,-0.16162213139167936
10798.349609375,11279.938,1.4301012162795113,True,True,1.4301012162795113,0.0,-0.020415415814623472,-0.22465217992127218,-0.14963247929569357
11069.2998046875,11135.296,2.50918154268005,False,True,2.50918154268005,2.50918154268005,0.004164139766695163,-0.20519729552828458,-0.12829521442123515
11053.080078125,11051.814,-0.14652893000179912,False,False,-0.0,-0.14652893000179912,0.004164139766695163,-0.2063619114267724,-0.1295725141163182
11232.1904296875,11008.424,1.620456472734455,False,True,0.0,0.0,0.004164139766695163,-0.2063619114267724,-0.11546761558085628
11607.6201171875,11012.094,3.3424441105246228,False,True,0.0,3.3424441105246228,0.004164139766695163,-0.17983500187637635,-0.08590261499215557
11524.5498046875,11082.2705,-0.7156532662280779,False,False,-0.0,-0.7156532662280779,0.004164139766695163,-0.18570453947390753,-0.09244438278446965
11181.5400390625,11171.478,-2.9763398261811846,True,False,-0.0,-0.0,0.004164139766695163,-0.18570453947390753,-0.11945632206439993
11177.8896484375,11224.677,-0.03264658188628644,True,False,-0.03264658188628644,-0.0,0.0038363144985336106,-0.18570453947390753,-0.11974378947726172
11028.740234375,11253.449,-1.3343253400551203,True,False,-1.3343253400551203,-0.0,-0.009558127818495743,-0.18570453947390753,-0.13148927115167552
11127.849609375,11248.949,0.8986463811260226,True,True,0.8986463811260226,0.0,-0.0006575577769798446,-0.18570453947390753,-0.12368443091718884
11322.240234375,11237.915,1.746884005659366,False,True,1.746884005659366,1.746884005659366,0.01679979550797972,-0.17147974231516694,-0.10837621440177836
11361.849609375,11245.115,0.3498369066551321,False,True,0.0,0.3498369066551321,0.01679979550797972,-0.16858127267467116,-0.10525698533124017
11621.349609375,11265.016,2.28395911688426,False,True,0.0,2.28395911688426,0.01679979550797972,-0.14959200885244117,-0.08482142067502796
11635.3095703125,11318.272,0.12012340568636759,False,True,0.0,0.12012340568636759,0.01679979550797972,-0.14857046981124566,-0.08372207699743073
11372.599609375,11384.669,-2.257868253095774,True,False,-0.0,-2.257868253095774,0.01679979550797972,-0.16779462687086,-0.10441042533103106
11264.73046875,11422.294,-0.9485002930735176,True,False,-0.9485002930735176,-0.0,0.007155446467615567,-0.16779462687086,-0.11290509507150215
11247.580078125,11429.318,-0.15224856620029703,True,False,-0.15224856620029703,-0.0,0.00562206674096033,-0.16779462687086,-0.1142556843450917
11251.1904296875,11417.075,0.032098918500000906,True,True,0.032098918500000906,0.0,0.005944860548581454,-0.16779462687086,-0.11397136999909119
11452.419921875,11395.762,1.7885173435206791,False,True,1.7885173435206791,1.7885173435206791,0.02393635884574774,-0.1529104894387343,-0.09812459428296627
11360.0498046875,11393.735,-0.8065554513161488,True,False,-0.0,-0.8065554513161488,0.02393635884574774,-0.1597427360636935,-0.10539871953185664
11713.150390625,11391.409,3.1082661784792576,False,True,3.1082661784792576,0.0,0.055763026376902225,-0.1597427360636935,-0.07759213049882296
11897.650390625,11428.644,1.5751526604462551,False,True,0.0,1.5751526604462551,0.055763026376902225,-0.14650740141620788,-0.06306279840220952
12059.6103515625,11502.497,1.3612768540006925,False,True,0.0,1.3612768540006925,0.055763026376902225,-0.13488900422107764,-0.05030848914033703
11834.1103515625,11605.977,-1.8698779929550824,False,False,-0.0,-1.8698779929550824,0.055763026376902225,-0.15106552434578224,-0.06806656170286451
11782.669921875,11689.173,-0.4346793139435978,False,False,-0.0,-0.0,0.055763026376902225,-0.15106552434578224,-0.0721174835788655
11562.5703125,11747.7295,-1.867994358107039,True,False,-0.0,-0.0,0.055763026376902225,-0.15106552434578224,-0.08945027663547389
12032.419921875,11762.093,4.0635394784761525,False,True,4.0635394784761525,0.0,0.09866437375288228,-0.15106552434578224,-0.052449729155401026
12162.58984375,11803.469,1.0818266210801841,False,True,0.0,1.0818266210801841,0.09866437375288228,-0.14188152519262742,-0.04219887807728673
12390.6904296875,11867.08,1.8754277573103773,False,True,0.0,1.8754277573103773,0.09866437375288228,-0.12578813312548154,-0.024236009976917994
12368.98046875,11960.9,-0.17521187427524954,False,False,-0.0,-0.17521187427524954,0.09866437375288228,-0.12731985612256902,-0.02594566435234036
12348.759765625,12057.787,-0.16347914184267065,False,False,-0.0,-0.0,0.09866437375288228,-0.12731985612256902,-0.027538040021338528
12668.16015625,12143.865,2.586497726792847,False,True,0.0,0.0,0.09866437375288228,-0.12731985612256902,-0.0023853335325653147
12720.580078125,12250.272,0.4137926994010943,False,True,0.0,0.4137926994010943,0.09866437375288228,-0.12370876939808129,0.0017427231254314446
12657.5498046875,12360.3545,-0.49549842106564324,False,False,-0.0,-0.49549842106564324,0.09866437375288228,-0.12805077860965053,-0.0032208962507950245
12644.4599609375,12453.233,-0.10341530511025487,False,False,-0.0,-0.0,0.09866437375288228,-0.12805077860965053,-0.004251718402212501
12493.9296875,12525.384,-1.1904840056636057,True,False,-0.0,-0.0,0.09866437375288228,-0.12805077860965053,-0.016105942431304365
12854.7998046875,12561.393,2.8883635990728074,False,True,2.8883635990728074,0.0,0.1303977956003417,-0.12805077860965053,0.012312495380950361
12779.91015625,12614.576,-0.5825812114957363,False,False,-0.0,-0.5825812114957363,0.1303977956003417,-0.1331305909472541,0.006414952981237398
13047.1904296875,12660.726,2.09140964349257,False,True,0.0,0.0,0.1303977956003417,-0.1331305909472541,0.027463212361438227
13128.0498046875,12728.338,0.6197454956740289,False,True,0.0,0.6197454956740289,0.1303977956003417,-0.1277582068312736,0.03383086933975599
13102.5498046875,12807.795,-0.19424057936537897,False,False,-0.0,-0.19424057936537897,0.1303977956003417,-0.1294524543437915,0.03182275026949233
12938.1201171875,12881.8545,-1.2549441898795477,False,False,-0.0,-0.0,0.1303977956003417,-0.1294524543437915,0.018873950615130086
12965.33984375,12926.647,0.21038393766603658,False,True,0.0,0.0,0.1303977956003417,-0.1294524543437915,0.021017497752287673
12705.2197265625,12954.478,-2.0062730350480673,True,False,-0.0,-2.0062730350480673,0.1303977956003417,-0.1469180150095648,0.000533099011761129
12381.5703125,12940.508,-2.547373607288772,True,False,-2.547373607288772,-0.0,0.10160234049784456,-0.1469180150095648,-0.024954217084652952
12381.2998046875,12870.472,-0.002184761752122011,True,False,-0.002184761752122011,-0.0,0.1015782731112489,-0.1469180150095648,-0.024975519511983735
12431.5302734375,12779.059,0.4056962479091597,True,True,0.4056962479091597,0.0,0.10604733483304374,-0.1469180150095648,-0.021019881778448046
12639.26953125,12691.126,1.6710674650921797,False,True,1.6710674650921797,1.6710674650921797,0.1245301319939578,-0.13266243950782708,-0.0046604635331267685
12141.7099609375,12637.39,-3.9366165036856526,True,False,-0.0,-3.9366165036856526,0.1245301319939578,-0.16680619305682653,-0.043843163993389944
12017.669921875,12551.727,-1.021602718740311,True,False,-1.021602718740311,-0.0,0.11304190159245353,-0.16680619305682653,-0.0536112882254548
11883.1396484375,12447.222,-1.119437247919608,True,False,-1.119437247919608,-0.0,0.10058209596107481,-0.16680619305682653,-0.06420551597516555
11816.2001953125,12329.335,-0.5633145372805681,True,False,-0.5633145372805681,-0.0,0.09438235701981901,-0.16680619305682653,-0.06947698234274713
11785.1298828125,12210.126,-0.26294673402982305,True,False,-0.26294673402982305,-0.0,0.0915047143542369,-0.16680619305682653,-0.07192376222707264
11630.8603515625,12099.977,-1.3090185070848248,True,False,-1.3090185070848248,-0.0,0.07721671563763666,-0.16680619305682653,-0.08407245193937685
11544.91015625,11989.858,-0.7389839849719526,True,False,-0.7389839849719526,-0.0,0.06925625662563362,-0.16680619305682653,-0.09084100983349108
11791.900390625,11883.075,2.139386370549512,True,True,2.139386370549512,0.0,0.09213177924613025,-0.16680619305682653,-0.07139058631124318
11862.1298828125,11817.418,0.5955739945304739,False,True,0.5955739945304739,0.5955739945304739,0.09863623210932326,-0.16184390741863453,-0.06586003013255104
12112.3095703125,11788.104,2.109062115923166,False,True,0.0,2.109062115923166,0.09863623210932326,-0.14416667479769907,-0.04615843791838059
12266.41015625,11809.657,1.2722642617655877,False,True,0.0,1.2722642617655877,0.09863623210932326,-0.13327821326087008,-0.034023052610149485
11633.5703125,11873.097,-5.159128348790409,True,False,-0.0,-5.159128348790409,0.09863623210932326,-0.17799350266567127,-0.08385904314571946
11719.6796875,11882.2295,0.7401801225843663,True,True,0.7401801225843663,0.0,0.10676811911890627,-0.17799350266567127,-0.07707794988822991
11552.3603515625,11873.439,-1.4276784041799329,True,False,-1.4276784041799329,-1.4276784041799329,0.09096702969789727,-0.18972911190906938,-0.09025430868509032
11448.400390625,11836.385,-0.8999023383428173,True,False,-0.8999023383428173,-0.0,0.08114939188709669,-0.18972911190906938,-0.09844113143420619
11535.01953125,11776.951,0.7566047453750002,True,True,0.7566047453750002,0.0,0.0893294194907075,-0.18972911190906938,-0.09161989425228823
11425.0498046875,11721.457,-0.953355356396024,True,False,-0.953355356396024,-0.953355356396024,0.07894423912119519,-0.19745387282200189,-0.10027998464686994
11220.1904296875,11661.335,-1.7930720522194132,True,False,-1.7930720522194132,-0.0,0.05959799151048162,-0.19745387282200189,-0.11641261279039117
11066.8095703125,11583.055,-1.367007630896977,True,False,-1.367007630896977,-0.0,0.04511320610970215,-0.19745387282200189,-0.1284913197991897
10867.9296875,11487.213,-1.7970841690997275,True,False,-1.7970841690997275,-0.0,0.026331642133534006,-0.19745387282200189,-0.14415306432340846
10802.919921875,11370.682,-0.5981798511244696,True,False,-0.5981798511244696,-0.0,0.02019233304457635,-0.19745387282200189,-0.14927256824909207
10829.5,11248.888,0.2460453129081941,True,True,0.2460453129081941,0.0,0.022702468462681313,-0.19745387282200189,-0.14717939327764473
11051.6396484375,11140.273,2.05124565711714,True,True,2.05124565711714,2.05124565711714,0.043680608432251855,-0.18099168024190138,-0.12968594761925234
10737.509765625,11074.725,-2.842382603896354,True,False,-2.842382603896354,-2.842382603896354,0.014015212377933794,-0.20427103024716942,-0.15442360284338807
10575.6201171875,11004.712,-1.5077019902302924,True,False,-1.5077019902302924,-0.0,-0.0012731151603262436,-0.20427103024716942,-0.16717237501223592
10815.4296875,10923.658,2.2675698224330354,True,True,2.2675698224330354,0.0,0.02137371428882373,-0.20427103024716942,-0.14828742711512766
11176.41015625,10872.042,3.337643340857799,False,True,3.337643340857799,3.337643340857799,0.05546352604905658,-0.1777124352769377,-0.11986029914298713
11148.6396484375,10880.666,-0.2484743081567209,False,False,-0.0,-0.2484743081567209,0.05546352604905658,-0.17975560861444206,-0.12204722017550418
11073.3095703125,10917.467,-0.6756885189625583,False,False,-0.0,-0.0,0.05546352604905658,-0.17975560861444206,-0.12797944631069091
10652.400390625,10958.21,-3.8011145359464704,True,False,-0.0,-0.0,0.05546352604905658,-0.17975560861444206,-0.16112594633341615
10542.099609375,10951.062,-1.0354547069698405,True,False,-1.0354547069698405,-0.0,0.04453467928823174,-0.17975560861444206,-0.1698121072076555
10426.1904296875,10907.857,-1.099488564729767,True,False,-1.099488564729767,-0.0,0.033050139934820866,-0.17975560861444206,-0.1789399281546783
10417.099609375,10836.752,-0.08719215684585002,True,False,-0.08719215684585002,-0.0,0.032149401236512665,-0.17975560861444206,-0.17965582814032033
10649.150390625,10757.006,2.2275949155863284,True,True,2.2275949155863284,0.0,0.055141508819712026,-0.17975560861444206,-0.16138188307766532
10321.3896484375,10706.112,-3.0778111883558834,True,False,-3.0778111883558834,-3.0778111883558834,0.02266624540827178,-0.20500118226436836,-0.18719296530788032
10675.7998046875,10639.813,3.4337445665918898,False,True,3.4337445665918898,0.0,0.05778199204434764,-0.20500118226436836,-0.159283247917263
10772.400390625,10612.159,0.9048557270162183,False,True,0.0,0.9048557270162183,0.05778199204434764,-0.19780758993237624,-0.15167597423805756
10680.509765625,10617.904,-0.8530190270310656,False,False,-0.0,-0.8530190270310656,0.05778199204434764,-0.20465044382365216,-0.1589123395886829
10614.83984375,10631.408,-0.614857561259452,True,False,-0.0,-0.0,0.05778199204434764,-0.20465044382365216,-0.1640838306655421
10859.7197265625,10641.168,2.306957866695325,False,True,2.306957866695325,0.0,0.0821845769223013,-0.20465044382365216,-0.14479959683810262
10952.6103515625,10674.864,0.855368530117695,False,True,0.0,0.855368530117695,0.0821845769223013,-0.1978472740156889,-0.13748448172001615
11199.1201171875,10727.411,2.2506941972041616,False,True,0.0,2.2506941972041616,0.0821845769223013,-0.17979326915924498,-0.11807189500010318
10970.990234375,10811.599,-2.0370339850394603,False,False,-0.0,-2.0370339850394603,0.0821845769223013,-0.1965011590140523,-0.13603707022256561
10792.669921875,10878.427,-1.625380286469269,True,False,-0.0,-0.0,0.0821845769223013,-0.1965011590140523,-0.15007975336557033
11102.4501953125,10910.001,2.8702839582782413,False,True,2.8702839582782413,0.0,0.11324634723266347,-0.1965011590140523,-0.12568462886826348
10988.150390625,10953.245,-1.0295007199019768,False,False,-0.0,-1.0295007199019768,0.11324634723266347,-0.20477318536640665,-0.13468571190827838
10890.849609375,10984.214,-0.885506457328944,True,False,-0.0,-0.0,0.11324634723266347,-0.20477318536640665,-0.1423481258055206
10524.7998046875,10994.916,-3.361076663591045,True,False,-3.361076663591045,-0.0,0.07582928404754674,-0.20477318536640665,-0.17117446280392246
10342.9404296875,10953.413,-1.7279129140205018,True,False,-1.7279129140205018,-0.0,0.05723989091567483,-0.20477318536640665,-0.18549584629583327
10475.25,10868.989,1.2792258759678266,True,True,1.2792258759678266,0.0,0.07076437717132222,-0.20477318536640665,-0.17507649840081685
10564.51953125,10784.718,0.8521947566883847,True,True,0.8521947566883847,0.8521947566883847,0.07988937505006333,-0.19799630414831915,-0.16804654357349835
10616.2001953125,10718.4,0.48919086106686827,True,True,0.48919086106686827,0.48919086106686827,0.0851720951824404,-0.19407297536279422,-0.16397670329632996
10353.169921875,10674.376,-2.4776310600627016,True,False,-2.4776310600627016,-2.4776310600627016,0.058285534297067176,-0.2140408736466448,-0.18469027616482026
11114.150390625,10618.634,7.350217126661285,False,True,7.350217126661285,0.0,0.13607181888794906,-0.2140408736466448,-0.12476324120815208
11323.330078125,10646.578,1.8821023663351477,False,True,0.0,1.8821023663351477,0.13607181888794906,-0.19924831833112122,-0.10829038945989566
11196.2197265625,10737.931,-1.1225527356838128,False,False,-0.0,-1.1225527356838128,0.13607181888794906,-0.20823717823972931,-0.11830030008736903
11358.41015625,10840.621,1.4486177803630484,False,True,0.0,0.0,0.13607181888794906,-0.20823717823972931,-0.10552784146502703
11183.66015625,10957.353,-1.538507569246772,False,False,-0.0,-1.538507569246772,0.13607181888794906,-0.22041850918299288,-0.11928936332889262
11144.9599609375,11049.527,-0.3460423043244232,False,False,-0.0,-0.0,0.13607181888794906,-0.22041850918299288,-0.12233699471045967
11146.0595703125,11114.739,0.009866427325477822,True,True,0.0,0.0,0.13607181888794906,-0.22041850918299288,-0.12225040072788018
11024.509765625,11158.126,-1.0905181685126442,True,False,-1.0905181685126442,-1.0905181685126442,0.12368274929562384,-0.22891998697871407,-0.1318224195819896
11174.41015625,11171.199,1.3597011913617951,True,True,1.3597011913617951,0.0,0.13896147702492345,-0.22891998697871407,-0.12001779867790985
11285.3203125,11182.955,0.9925370082103813,False,True,0.9925370082103813,0.9925370082103813,0.1502660911936553,-0.22126673248656437,-0.11128364966412374
11226.3603515625,11204.03,-0.5224482717800627,False,False,-0.0,-0.5224482717800627,0.1502660911936553,-0.22533521098446474,-0.11592673287748034
11049.5,11220.986,-1.575402410255644,True,False,-0.0,-0.0,0.1502660911936553,-0.22533521098446474,-0.12985444443615435
10983.7802734375,11214.691,-0.5947755695959067,True,False,-0.5947755695959067,-0.0,0.1434245894978896,-0.22533521098446474,-0.13502985762057262
11468.0,11189.747,4.408497935210032,False,True,4.408497935210032,0.0,0.19383243891658775,-0.22533521098446474,-0.09689766675359235
11482.4501953125,11210.532,0.12600449348185716,False,True,0.0,0.12600449348185716,0.19383243891658775,-0.22435909854088343,-0.0957597172329624
11461.5,11253.741,-0.18245404905873341,False,False,-0.0,-0.18245404905873341,0.19383243891658775,-0.22577428677175126,-0.09740954024209103
11239.9404296875,11302.678,-1.9330765633861158,True,False,-0.0,-0.0,0.19383243891658775,-0.22577428677175126,-0.11485730488303014
11014.8896484375,11325.367,-2.002241761491763,True,False,-2.002241761491763,-0.0,0.16992902726236414,-0.22577428677175126,-0.13258000157345584
10958.5498046875,11307.382,-0.5114880452569248,True,False,-0.5114880452569248,-0.0,0.16394498014992642,-0.22577428677175126,-0.1370167511675754
11082.0,11263.543,1.1265194529635147,True,True,1.1265194529635147,0.0,0.17705704677310763,-0.22577428677175126,-0.1272950769936616
11004.6201171875,11223.698,-0.6982483560052377,True,False,-0.6982483560052377,-0.6982483560052377,0.16883826529477064,-0.2311803050861373,-0.13338872477133012
11143.740234375,11181.121,1.2641973617082636,True,True,1.2641973617082636,0.0,0.18361468780726375,-0.2311803050861373,-0.12243304789362297
11256.8095703125,11157.264,1.0146443972977481,False,True,1.0146443972977481,1.0146443972977481,0.19562416792269333,-0.2233795191263721,-0.11352886398153905
11170.8896484375,11158.126,-0.7632706348839391,False,False,-0.0,-0.7632706348839391,0.19562416792269333,-0.22930723520137497,-0.12029503784949003
10810.5302734375,11162.787,-3.225878925859804,True,False,-0.0,-0.0,0.19562416792269333,-0.22930723520137497,-0.14867325483324634
10705.41015625,11130.02,-0.9723863171244296,True,False,-0.9723863171244296,-0.0,0.18399808210958035,-0.22930723520137497,-0.15695143961726865
10546.0302734375,11070.178,-1.4887788556092962,True,False,-1.4887788556092962,-0.0,0.1663709690123134,-0.22930723520137497,-0.16950256832676536
10547.1103515625,10984.538,0.010241561013923928,True,True,0.010241561013923928,0.0,0.16649042360675348,-0.22930723520137497,-0.16941751242558145
10709.3701171875,10894.425,1.538428633212896,True,True,1.538428633212896,1.538428633212896,0.1844360462872061,-0.21745067703361276,-0.1566395936142847
10476.1201171875,10829.016,-2.177999242230466,True,False,-2.177999242230466,-2.177999242230466,0.1586390381743663,-0.2344945953579003,-0.17500797687463732
10497.8603515625,10758.072,0.20752181276857407,True,True,0.20752181276857407,0.0,0.16104346690983018,-0.2344945953579003,-0.17329593847305147
10353.23046875,10695.136,-1.3777081992805584,True,False,-1.3777081992805584,-1.3777081992805584,0.14504767586900225,-0.24504102608359035,-0.18468550811249362
10213.2900390625,10627.438,-1.3516595627798833,True,False,-1.3516595627798833,-0.0,0.12957052945973002,-0.24504102608359035,-0.19570578440882136
10478.08984375,10549.694,2.5926983731464404,True,True,2.5926983731464404,0.0,0.15885688620057414,-0.24504102608359035,-0.17485286136587797
10466.48046875,10503.998,-0.11079667356473921,False,False,-0.11079667356473921,-0.11079667356473921,0.15757291131928808,-0.24587749551346827,-0.17576709694749915
